This file contains any messages produced by compilers while
running configure, to aid debugging if configure makes a mistake.

It was created by Iperf configure 2.1.6, which was
generated by GNU Autoconf 2.69.  Invocation command line was

  $ ./configure 

## --------- ##
## Platform. ##
## --------- ##

hostname = codespaces-bb4a27
uname -m = x86_64
uname -r = 6.8.0-1052-azure
uname -s = Linux
uname -v = #58~22.04.1-Ubuntu SMP Thu Mar 26 05:02:21 UTC 2026

/usr/bin/uname -p = x86_64
/bin/uname -X     = unknown

/bin/arch              = x86_64
/usr/bin/arch -k       = unknown
/usr/convex/getsysinfo = unknown
/usr/bin/hostinfo      = unknown
/bin/machine           = unknown
/usr/bin/oslevel       = unknown
/bin/universe          = unknown

PATH: /usr/local/rvm/gems/ruby-3.4.7/bin
PATH: /usr/local/rvm/gems/ruby-3.4.7@global/bin
PATH: /usr/local/rvm/rubies/ruby-3.4.7/bin
PATH: /vscode/bin/linux-x64/a5b500951314efd502d07465bd138dfbd714a960/bin/remote-cli
PATH: /home/codespace/.local/bin
PATH: /home/codespace/.dotnet
PATH: /home/codespace/nvm/current/bin
PATH: /home/codespace/.php/current/bin
PATH: /home/codespace/.python/current/bin
PATH: /home/codespace/java/current/bin
PATH: /home/codespace/.ruby/current/bin
PATH: /home/codespace/.local/bin
PATH: /usr/local/python/current/bin
PATH: /usr/local/py-utils/bin
PATH: /usr/local/jupyter
PATH: /usr/local/oryx
PATH: /usr/local/go/bin
PATH: /go/bin
PATH: /usr/local/sdkman/bin
PATH: /usr/local/sdkman/candidates/java/current/bin
PATH: /usr/local/sdkman/candidates/gradle/current/bin
PATH: /usr/local/sdkman/candidates/maven/current/bin
PATH: /usr/local/sdkman/candidates/ant/current/bin
PATH: /usr/local/rvm/gems/default/bin
PATH: /usr/local/rvm/gems/default@global/bin
PATH: /usr/local/rvm/rubies/default/bin
PATH: /usr/local/share/rbenv/bin
PATH: /usr/local/php/current/bin
PATH: /opt/conda/bin
PATH: /usr/local/nvs
PATH: /usr/local/share/nvm/versions/node/v24.14.0/bin
PATH: /usr/local/hugo/bin
PATH: /usr/local/sbin
PATH: /usr/local/bin
PATH: /usr/sbin
PATH: /usr/bin
PATH: /sbin
PATH: /bin
PATH: /usr/share/dotnet
PATH: /home/codespace/.dotnet/tools
PATH: /usr/local/rvm/bin


## ----------- ##
## Core tests. ##
## ----------- ##

configure:2485: checking for a BSD-compatible install
configure:2553: result: /usr/bin/install -c
configure:2564: checking whether build environment is sane
configure:2619: result: yes
configure:2770: checking for a thread-safe mkdir -p
configure:2809: result: /usr/bin/mkdir -p
configure:2816: checking for gawk
configure:2832: found /usr/bin/gawk
configure:2843: result: gawk
configure:2854: checking whether make sets $(MAKE)
configure:2876: result: yes
configure:2905: checking whether make supports nested variables
configure:2922: result: yes
configure:3050: checking whether to enable maintainer-specific portions of Makefiles
configure:3059: result: no
configure:3378: checking whether make supports the include directive
configure:3393: make -f confmf.GNU && cat confinc.out
this is the am__doit target
configure:3396: $? = 0
configure:3415: result: yes (GNU style)
configure:3485: checking for gcc
configure:3501: found /usr/bin/gcc
configure:3512: result: gcc
configure:3741: checking for C compiler version
configure:3750: gcc --version >&5
gcc (Ubuntu 13.3.0-6ubuntu2~24.04.1) 13.3.0
Copyright (C) 2023 Free Software Foundation, Inc.
This is free software; see the source for copying conditions.  There is NO
warranty; not even for MERCHANTABILITY or FITNESS FOR A PARTICULAR PURPOSE.

configure:3761: $? = 0
configure:3750: gcc -v >&5
Using built-in specs.
COLLECT_GCC=gcc
COLLECT_LTO_WRAPPER=/usr/libexec/gcc/x86_64-linux-gnu/13/lto-wrapper
OFFLOAD_TARGET_NAMES=nvptx-none:amdgcn-amdhsa
OFFLOAD_TARGET_DEFAULT=1
Target: x86_64-linux-gnu
Configured with: ../src/configure -v --with-pkgversion='Ubuntu 13.3.0-6ubuntu2~24.04.1' --with-bugurl=file:///usr/share/doc/gcc-13/README.Bugs --enable-languages=c,ada,c++,go,d,fortran,objc,obj-c++,m2 --prefix=/usr --with-gcc-major-version-only --program-suffix=-13 --program-prefix=x86_64-linux-gnu- --enable-shared --enable-linker-build-id --libexecdir=/usr/libexec --without-included-gettext --enable-threads=posix --libdir=/usr/lib --enable-nls --enable-bootstrap --enable-clocale=gnu --enable-libstdcxx-debug --enable-libstdcxx-time=yes --with-default-libstdcxx-abi=new --enable-libstdcxx-backtrace --enable-gnu-unique-object --disable-vtable-verify --enable-plugin --enable-default-pie --with-system-zlib --enable-libphobos-checking=release --with-target-system-zlib=auto --enable-objc-gc=auto --enable-multiarch --disable-werror --enable-cet --with-arch-32=i686 --with-abi=m64 --with-multilib-list=m32,m64,mx32 --enable-multilib --with-tune=generic --enable-offload-targets=nvptx-none=/build/gcc-13-EldibY/gcc-13-13.3.0/debian/tmp-nvptx/usr,amdgcn-amdhsa=/build/gcc-13-EldibY/gcc-13-13.3.0/debian/tmp-gcn/usr --enable-offload-defaulted --without-cuda-driver --enable-checking=release --build=x86_64-linux-gnu --host=x86_64-linux-gnu --target=x86_64-linux-gnu --with-build-config=bootstrap-lto-lean --enable-link-serialization=2
Thread model: posix
Supported LTO compression algorithms: zlib zstd
gcc version 13.3.0 (Ubuntu 13.3.0-6ubuntu2~24.04.1) 
... rest of stderr output deleted ...
configure:3761: $? = 0
configure:3750: gcc -V >&5
gcc: error: unrecognized command-line option '-V'
gcc: fatal error: no input files
compilation terminated.
configure:3761: $? = 1
configure:3750: gcc -qversion >&5
gcc: error: unrecognized command-line option '-qversion'; did you mean '--version'?
gcc: fatal error: no input files
compilation terminated.
configure:3761: $? = 1
configure:3781: checking whether the C compiler works
configure:3803: gcc    conftest.c  >&5
configure:3807: $? = 0
configure:3855: result: yes
configure:3858: checking for C compiler default output file name
configure:3860: result: a.out
configure:3866: checking for suffix of executables
configure:3873: gcc -o conftest    conftest.c  >&5
configure:3877: $? = 0
configure:3899: result: 
configure:3921: checking whether we are cross compiling
configure:3929: gcc -o conftest    conftest.c  >&5
configure:3933: $? = 0
configure:3940: ./conftest
configure:3944: $? = 0
configure:3959: result: no
configure:3964: checking for suffix of object files
configure:3986: gcc -c   conftest.c >&5
configure:3990: $? = 0
configure:4011: result: o
configure:4015: checking whether we are using the GNU C compiler
configure:4034: gcc -c   conftest.c >&5
configure:4034: $? = 0
configure:4043: result: yes
configure:4052: checking whether gcc accepts -g
configure:4072: gcc -c -g  conftest.c >&5
configure:4072: $? = 0
configure:4113: result: yes
configure:4130: checking for gcc option to accept ISO C89
configure:4193: gcc  -c -g -O2  conftest.c >&5
configure:4193: $? = 0
configure:4206: result: none needed
configure:4231: checking whether gcc understands -c and -o together
configure:4253: gcc -c conftest.c -o conftest2.o
configure:4256: $? = 0
configure:4253: gcc -c conftest.c -o conftest2.o
configure:4256: $? = 0
configure:4268: result: yes
configure:4287: checking dependency style of gcc
configure:4398: result: gcc3
configure:4416: checking whether TPACKET_V2 is declared
configure:4416: gcc -c -g -O2  conftest.c >&5
configure:4416: $? = 0
configure:4416: result: yes
configure:4448: checking whether IFF_TUN is declared
configure:4448: gcc -c -g -O2  conftest.c >&5
configure:4448: $? = 0
configure:4448: result: yes
configure:4488: checking whether IFF_TAP is declared
configure:4488: gcc -c -g -O2  conftest.c >&5
configure:4488: $? = 0
configure:4488: result: yes
configure:4577: checking for g++
configure:4593: found /usr/bin/g++
configure:4604: result: g++
configure:4631: checking for C++ compiler version
configure:4640: g++ --version >&5
g++ (Ubuntu 13.3.0-6ubuntu2~24.04.1) 13.3.0
Copyright (C) 2023 Free Software Foundation, Inc.
This is free software; see the source for copying conditions.  There is NO
warranty; not even for MERCHANTABILITY or FITNESS FOR A PARTICULAR PURPOSE.

configure:4651: $? = 0
configure:4640: g++ -v >&5
Using built-in specs.
COLLECT_GCC=g++
COLLECT_LTO_WRAPPER=/usr/libexec/gcc/x86_64-linux-gnu/13/lto-wrapper
OFFLOAD_TARGET_NAMES=nvptx-none:amdgcn-amdhsa
OFFLOAD_TARGET_DEFAULT=1
Target: x86_64-linux-gnu
Configured with: ../src/configure -v --with-pkgversion='Ubuntu 13.3.0-6ubuntu2~24.04.1' --with-bugurl=file:///usr/share/doc/gcc-13/README.Bugs --enable-languages=c,ada,c++,go,d,fortran,objc,obj-c++,m2 --prefix=/usr --with-gcc-major-version-only --program-suffix=-13 --program-prefix=x86_64-linux-gnu- --enable-shared --enable-linker-build-id --libexecdir=/usr/libexec --without-included-gettext --enable-threads=posix --libdir=/usr/lib --enable-nls --enable-bootstrap --enable-clocale=gnu --enable-libstdcxx-debug --enable-libstdcxx-time=yes --with-default-libstdcxx-abi=new --enable-libstdcxx-backtrace --enable-gnu-unique-object --disable-vtable-verify --enable-plugin --enable-default-pie --with-system-zlib --enable-libphobos-checking=release --with-target-system-zlib=auto --enable-objc-gc=auto --enable-multiarch --disable-werror --enable-cet --with-arch-32=i686 --with-abi=m64 --with-multilib-list=m32,m64,mx32 --enable-multilib --with-tune=generic --enable-offload-targets=nvptx-none=/build/gcc-13-EldibY/gcc-13-13.3.0/debian/tmp-nvptx/usr,amdgcn-amdhsa=/build/gcc-13-EldibY/gcc-13-13.3.0/debian/tmp-gcn/usr --enable-offload-defaulted --without-cuda-driver --enable-checking=release --build=x86_64-linux-gnu --host=x86_64-linux-gnu --target=x86_64-linux-gnu --with-build-config=bootstrap-lto-lean --enable-link-serialization=2
Thread model: posix
Supported LTO compression algorithms: zlib zstd
gcc version 13.3.0 (Ubuntu 13.3.0-6ubuntu2~24.04.1) 
... rest of stderr output deleted ...
configure:4651: $? = 0
configure:4640: g++ -V >&5
g++: error: unrecognized command-line option '-V'
g++: fatal error: no input files
compilation terminated.
configure:4651: $? = 1
configure:4640: g++ -qversion >&5
g++: error: unrecognized command-line option '-qversion'; did you mean '--version'?
g++: fatal error: no input files
compilation terminated.
configure:4651: $? = 1
configure:4655: checking whether we are using the GNU C++ compiler
configure:4674: g++ -c   conftest.cpp >&5
configure:4674: $? = 0
configure:4683: result: yes
configure:4692: checking whether g++ accepts -g
configure:4712: g++ -c -g  conftest.cpp >&5
configure:4712: $? = 0
configure:4753: result: yes
configure:4778: checking dependency style of g++
configure:4889: result: gcc3
configure:4953: checking for gcc
configure:4980: result: gcc
configure:5209: checking for C compiler version
configure:5218: gcc --version >&5
gcc (Ubuntu 13.3.0-6ubuntu2~24.04.1) 13.3.0
Copyright (C) 2023 Free Software Foundation, Inc.
This is free software; see the source for copying conditions.  There is NO
warranty; not even for MERCHANTABILITY or FITNESS FOR A PARTICULAR PURPOSE.

configure:5229: $? = 0
configure:5218: gcc -v >&5
Using built-in specs.
COLLECT_GCC=gcc
COLLECT_LTO_WRAPPER=/usr/libexec/gcc/x86_64-linux-gnu/13/lto-wrapper
OFFLOAD_TARGET_NAMES=nvptx-none:amdgcn-amdhsa
OFFLOAD_TARGET_DEFAULT=1
Target: x86_64-linux-gnu
Configured with: ../src/configure -v --with-pkgversion='Ubuntu 13.3.0-6ubuntu2~24.04.1' --with-bugurl=file:///usr/share/doc/gcc-13/README.Bugs --enable-languages=c,ada,c++,go,d,fortran,objc,obj-c++,m2 --prefix=/usr --with-gcc-major-version-only --program-suffix=-13 --program-prefix=x86_64-linux-gnu- --enable-shared --enable-linker-build-id --libexecdir=/usr/libexec --without-included-gettext --enable-threads=posix --libdir=/usr/lib --enable-nls --enable-bootstrap --enable-clocale=gnu --enable-libstdcxx-debug --enable-libstdcxx-time=yes --with-default-libstdcxx-abi=new --enable-libstdcxx-backtrace --enable-gnu-unique-object --disable-vtable-verify --enable-plugin --enable-default-pie --with-system-zlib --enable-libphobos-checking=release --with-target-system-zlib=auto --enable-objc-gc=auto --enable-multiarch --disable-werror --enable-cet --with-arch-32=i686 --with-abi=m64 --with-multilib-list=m32,m64,mx32 --enable-multilib --with-tune=generic --enable-offload-targets=nvptx-none=/build/gcc-13-EldibY/gcc-13-13.3.0/debian/tmp-nvptx/usr,amdgcn-amdhsa=/build/gcc-13-EldibY/gcc-13-13.3.0/debian/tmp-gcn/usr --enable-offload-defaulted --without-cuda-driver --enable-checking=release --build=x86_64-linux-gnu --host=x86_64-linux-gnu --target=x86_64-linux-gnu --with-build-config=bootstrap-lto-lean --enable-link-serialization=2
Thread model: posix
Supported LTO compression algorithms: zlib zstd
gcc version 13.3.0 (Ubuntu 13.3.0-6ubuntu2~24.04.1) 
... rest of stderr output deleted ...
configure:5229: $? = 0
configure:5218: gcc -V >&5
gcc: error: unrecognized command-line option '-V'
gcc: fatal error: no input files
compilation terminated.
configure:5229: $? = 1
configure:5218: gcc -qversion >&5
gcc: error: unrecognized command-line option '-qversion'; did you mean '--version'?
gcc: fatal error: no input files
compilation terminated.
configure:5229: $? = 1
configure:5233: checking whether we are using the GNU C compiler
configure:5261: result: yes
configure:5270: checking whether gcc accepts -g
configure:5331: result: yes
configure:5348: checking for gcc option to accept ISO C89
configure:5424: result: none needed
configure:5449: checking whether gcc understands -c and -o together
configure:5486: result: yes
configure:5505: checking dependency style of gcc
configure:5616: result: gcc3
configure:5632: checking for library containing strerror
configure:5663: gcc -o conftest  -O2    conftest.c  >&5
configure:5663: $? = 0
configure:5680: result: none required
configure:5689: checking whether make sets $(MAKE)
configure:5711: result: yes
configure:5763: checking for ranlib
configure:5779: found /usr/bin/ranlib
configure:5790: result: ranlib
configure:5822: checking build system type
configure:5836: result: x86_64-unknown-linux-gnu
configure:5856: checking host system type
configure:5869: result: x86_64-unknown-linux-gnu
configure:5890: checking for clock_gettime in -lrt
configure:5915: gcc -o conftest  -O2    conftest.c -lrt   >&5
configure:5915: $? = 0
configure:5924: result: yes
configure:5938: checking for a sed that does not truncate output
configure:6002: result: /usr/bin/sed
configure:6012: checking how to run the C preprocessor
configure:6043: gcc -E  conftest.c
configure:6043: $? = 0
configure:6057: gcc -E  conftest.c
conftest.c:17:10: fatal error: ac_nonexistent.h: No such file or directory
   17 | #include <ac_nonexistent.h>
      |          ^~~~~~~~~~~~~~~~~~
compilation terminated.
configure:6057: $? = 1
configure: failed program was:
| /* confdefs.h */
| #define PACKAGE_NAME "Iperf"
| #define PACKAGE_TARNAME "iperf"
| #define PACKAGE_VERSION "2.1.6"
| #define PACKAGE_STRING "Iperf 2.1.6"
| #define PACKAGE_BUGREPORT ""
| #define PACKAGE_URL ""
| #define PACKAGE "iperf"
| #define VERSION "2.1.6"
| #define HAVE_AF_PACKET 1
| #define HAVE_DECL_IFF_TUN 1
| #define HAVE_TUNTAP_TUN 1
| #define HAVE_DECL_IFF_TAP 1
| #define HAVE_TUNTAP_TAP 1
| #define HAVE_LIBRT 1
| /* end confdefs.h.  */
| #include <ac_nonexistent.h>
configure:6082: result: gcc -E
configure:6102: gcc -E  conftest.c
configure:6102: $? = 0
configure:6116: gcc -E  conftest.c
conftest.c:17:10: fatal error: ac_nonexistent.h: No such file or directory
   17 | #include <ac_nonexistent.h>
      |          ^~~~~~~~~~~~~~~~~~
compilation terminated.
configure:6116: $? = 1
configure: failed program was:
| /* confdefs.h */
| #define PACKAGE_NAME "Iperf"
| #define PACKAGE_TARNAME "iperf"
| #define PACKAGE_VERSION "2.1.6"
| #define PACKAGE_STRING "Iperf 2.1.6"
| #define PACKAGE_BUGREPORT ""
| #define PACKAGE_URL ""
| #define PACKAGE "iperf"
| #define VERSION "2.1.6"
| #define HAVE_AF_PACKET 1
| #define HAVE_DECL_IFF_TUN 1
| #define HAVE_TUNTAP_TUN 1
| #define HAVE_DECL_IFF_TAP 1
| #define HAVE_TUNTAP_TAP 1
| #define HAVE_LIBRT 1
| /* end confdefs.h.  */
| #include <ac_nonexistent.h>
configure:6145: checking for grep that handles long lines and -e
configure:6203: result: /usr/bin/grep
configure:6208: checking for egrep
configure:6270: result: /usr/bin/grep -E
configure:6458: checking whether gcc is Clang
configure:6483: result: no
configure:6606: checking whether pthreads work with -pthread
configure:6706: gcc -o conftest  -O2  -pthread   conftest.c  -lrt  >&5
configure:6706: $? = 0
configure:6715: result: yes
configure:6734: checking for joinable pthread attribute
configure:6752: gcc -o conftest  -O2  -pthread   conftest.c  -lrt  >&5
configure:6752: $? = 0
configure:6760: result: PTHREAD_CREATE_JOINABLE
configure:6774: checking whether more special flags are required for pthreads
configure:6787: result: no
configure:6795: checking for PTHREAD_PRIO_INHERIT
configure:6812: gcc -o conftest  -O2  -pthread   conftest.c  -lrt  >&5
configure:6812: $? = 0
configure:6821: result: yes
configure:6931: checking for library containing gethostbyname
configure:6962: gcc -o conftest  -O2    conftest.c -lrt  >&5
configure:6962: $? = 0
configure:6979: result: none required
configure:6987: checking for library containing socket
configure:7018: gcc -o conftest  -O2    conftest.c -lrt  >&5
configure:7018: $? = 0
configure:7035: result: none required
configure:7062: checking for ANSI C header files
configure:7082: gcc -c  -O2   conftest.c >&5
configure:7082: $? = 0
configure:7155: gcc -o conftest  -O2    conftest.c -lrt  >&5
configure:7155: $? = 0
configure:7155: ./conftest
configure:7155: $? = 0
configure:7166: result: yes
configure:7179: checking for sys/types.h
configure:7179: gcc -c  -O2   conftest.c >&5
configure:7179: $? = 0
configure:7179: result: yes
configure:7179: checking for sys/stat.h
configure:7179: gcc -c  -O2   conftest.c >&5
configure:7179: $? = 0
configure:7179: result: yes
configure:7179: checking for stdlib.h
configure:7179: gcc -c  -O2   conftest.c >&5
configure:7179: $? = 0
configure:7179: result: yes
configure:7179: checking for string.h
configure:7179: gcc -c  -O2   conftest.c >&5
configure:7179: $? = 0
configure:7179: result: yes
configure:7179: checking for memory.h
configure:7179: gcc -c  -O2   conftest.c >&5
configure:7179: $? = 0
configure:7179: result: yes
configure:7179: checking for strings.h
configure:7179: gcc -c  -O2   conftest.c >&5
configure:7179: $? = 0
configure:7179: result: yes
configure:7179: checking for inttypes.h
configure:7179: gcc -c  -O2   conftest.c >&5
configure:7179: $? = 0
configure:7179: result: yes
configure:7179: checking for stdint.h
configure:7179: gcc -c  -O2   conftest.c >&5
configure:7179: $? = 0
configure:7179: result: yes
configure:7179: checking for unistd.h
configure:7179: gcc -c  -O2   conftest.c >&5
configure:7179: $? = 0
configure:7179: result: yes
configure:7194: checking arpa/inet.h usability
configure:7194: gcc -c  -O2   conftest.c >&5
configure:7194: $? = 0
configure:7194: result: yes
configure:7194: checking arpa/inet.h presence
configure:7194: gcc -E  conftest.c
configure:7194: $? = 0
configure:7194: result: yes
configure:7194: checking for arpa/inet.h
configure:7194: result: yes
configure:7194: checking libintl.h usability
configure:7194: gcc -c  -O2   conftest.c >&5
configure:7194: $? = 0
configure:7194: result: yes
configure:7194: checking libintl.h presence
configure:7194: gcc -E  conftest.c
configure:7194: $? = 0
configure:7194: result: yes
configure:7194: checking for libintl.h
configure:7194: result: yes
configure:7194: checking net/ethernet.h usability
configure:7194: gcc -c  -O2   conftest.c >&5
configure:7194: $? = 0
configure:7194: result: yes
configure:7194: checking net/ethernet.h presence
configure:7194: gcc -E  conftest.c
configure:7194: $? = 0
configure:7194: result: yes
configure:7194: checking for net/ethernet.h
configure:7194: result: yes
configure:7194: checking net/if.h usability
configure:7194: gcc -c  -O2   conftest.c >&5
configure:7194: $? = 0
configure:7194: result: yes
configure:7194: checking net/if.h presence
configure:7194: gcc -E  conftest.c
configure:7194: $? = 0
configure:7194: result: yes
configure:7194: checking for net/if.h
configure:7194: result: yes
configure:7194: checking linux/ip.h usability
configure:7194: gcc -c  -O2   conftest.c >&5
configure:7194: $? = 0
configure:7194: result: yes
configure:7194: checking linux/ip.h presence
configure:7194: gcc -E  conftest.c
configure:7194: $? = 0
configure:7194: result: yes
configure:7194: checking for linux/ip.h
configure:7194: result: yes
configure:7194: checking linux/udp.h usability
configure:7194: gcc -c  -O2   conftest.c >&5
configure:7194: $? = 0
configure:7194: result: yes
configure:7194: checking linux/udp.h presence
configure:7194: gcc -E  conftest.c
configure:7194: $? = 0
configure:7194: result: yes
configure:7194: checking for linux/udp.h
configure:7194: result: yes
configure:7194: checking linux/if_packet.h usability
configure:7194: gcc -c  -O2   conftest.c >&5
configure:7194: $? = 0
configure:7194: result: yes
configure:7194: checking linux/if_packet.h presence
configure:7194: gcc -E  conftest.c
configure:7194: $? = 0
configure:7194: result: yes
configure:7194: checking for linux/if_packet.h
configure:7194: result: yes
configure:7194: checking linux/filter.h usability
configure:7194: gcc -c  -O2   conftest.c >&5
configure:7194: $? = 0
configure:7194: result: yes
configure:7194: checking linux/filter.h presence
configure:7194: gcc -E  conftest.c
configure:7194: $? = 0
configure:7194: result: yes
configure:7194: checking for linux/filter.h
configure:7194: result: yes
configure:7194: checking linux/if_tun.h usability
configure:7194: gcc -c  -O2   conftest.c >&5
configure:7194: $? = 0
configure:7194: result: yes
configure:7194: checking linux/if_tun.h presence
configure:7194: gcc -E  conftest.c
configure:7194: $? = 0
configure:7194: result: yes
configure:7194: checking for linux/if_tun.h
configure:7194: result: yes
configure:7194: checking netdb.h usability
configure:7194: gcc -c  -O2   conftest.c >&5
configure:7194: $? = 0
configure:7194: result: yes
configure:7194: checking netdb.h presence
configure:7194: gcc -E  conftest.c
configure:7194: $? = 0
configure:7194: result: yes
configure:7194: checking for netdb.h
configure:7194: result: yes
configure:7194: checking netinet/in.h usability
configure:7194: gcc -c  -O2   conftest.c >&5
configure:7194: $? = 0
configure:7194: result: yes
configure:7194: checking netinet/in.h presence
configure:7194: gcc -E  conftest.c
configure:7194: $? = 0
configure:7194: result: yes
configure:7194: checking for netinet/in.h
configure:7194: result: yes
configure:7194: checking netinet/tcp.h usability
configure:7194: gcc -c  -O2   conftest.c >&5
configure:7194: $? = 0
configure:7194: result: yes
configure:7194: checking netinet/tcp.h presence
configure:7194: gcc -E  conftest.c
configure:7194: $? = 0
configure:7194: result: yes
configure:7194: checking for netinet/tcp.h
configure:7194: result: yes
configure:7194: checking for stdlib.h
configure:7194: result: yes
configure:7194: checking for string.h
configure:7194: result: yes
configure:7194: checking for strings.h
configure:7194: result: yes
configure:7194: checking sys/socket.h usability
configure:7194: gcc -c  -O2   conftest.c >&5
configure:7194: $? = 0
configure:7194: result: yes
configure:7194: checking sys/socket.h presence
configure:7194: gcc -E  conftest.c
configure:7194: $? = 0
configure:7194: result: yes
configure:7194: checking for sys/socket.h
configure:7194: result: yes
configure:7194: checking sys/time.h usability
configure:7194: gcc -c  -O2   conftest.c >&5
configure:7194: $? = 0
configure:7194: result: yes
configure:7194: checking sys/time.h presence
configure:7194: gcc -E  conftest.c
configure:7194: $? = 0
configure:7194: result: yes
configure:7194: checking for sys/time.h
configure:7194: result: yes
configure:7194: checking syslog.h usability
configure:7194: gcc -c  -O2   conftest.c >&5
configure:7194: $? = 0
configure:7194: result: yes
configure:7194: checking syslog.h presence
configure:7194: gcc -E  conftest.c
configure:7194: $? = 0
configure:7194: result: yes
configure:7194: checking for syslog.h
configure:7194: result: yes
configure:7194: checking for unistd.h
configure:7194: result: yes
configure:7194: checking signal.h usability
configure:7194: gcc -c  -O2   conftest.c >&5
configure:7194: $? = 0
configure:7194: result: yes
configure:7194: checking signal.h presence
configure:7194: gcc -E  conftest.c
configure:7194: $? = 0
configure:7194: result: yes
configure:7194: checking for signal.h
configure:7194: result: yes
configure:7194: checking ifaddrs.h usability
configure:7194: gcc -c  -O2   conftest.c >&5
configure:7194: $? = 0
configure:7194: result: yes
configure:7194: checking ifaddrs.h presence
configure:7194: gcc -E  conftest.c
configure:7194: $? = 0
configure:7194: result: yes
configure:7194: checking for ifaddrs.h
configure:7194: result: yes
configure:7206: checking for an ANSI C-conforming const
configure:7272: gcc -c  -O2   conftest.c >&5
configure:7272: $? = 0
configure:7279: result: yes
configure:7287: checking for size_t
configure:7287: gcc -c  -O2   conftest.c >&5
configure:7287: $? = 0
configure:7287: gcc -c  -O2   conftest.c >&5
conftest.c: In function 'main':
conftest.c:88:21: error: expected expression before ')' token
   88 | if (sizeof ((size_t)))
      |                     ^
configure:7287: $? = 1
configure: failed program was:
| /* confdefs.h */
| #define PACKAGE_NAME "Iperf"
| #define PACKAGE_TARNAME "iperf"
| #define PACKAGE_VERSION "2.1.6"
| #define PACKAGE_STRING "Iperf 2.1.6"
| #define PACKAGE_BUGREPORT ""
| #define PACKAGE_URL ""
| #define PACKAGE "iperf"
| #define VERSION "2.1.6"
| #define HAVE_AF_PACKET 1
| #define HAVE_DECL_IFF_TUN 1
| #define HAVE_TUNTAP_TUN 1
| #define HAVE_DECL_IFF_TAP 1
| #define HAVE_TUNTAP_TAP 1
| #define HAVE_LIBRT 1
| #define HAVE_PTHREAD_PRIO_INHERIT 1
| #define HAVE_PTHREAD 1
| #define HAVE_POSIX_THREAD 1
| #define _REENTRANT 1
| #define STDC_HEADERS 1
| #define HAVE_SYS_TYPES_H 1
| #define HAVE_SYS_STAT_H 1
| #define HAVE_STDLIB_H 1
| #define HAVE_STRING_H 1
| #define HAVE_MEMORY_H 1
| #define HAVE_STRINGS_H 1
| #define HAVE_INTTYPES_H 1
| #define HAVE_STDINT_H 1
| #define HAVE_UNISTD_H 1
| #define HAVE_ARPA_INET_H 1
| #define HAVE_LIBINTL_H 1
| #define HAVE_NET_ETHERNET_H 1
| #define HAVE_NET_IF_H 1
| #define HAVE_LINUX_IP_H 1
| #define HAVE_LINUX_UDP_H 1
| #define HAVE_LINUX_IF_PACKET_H 1
| #define HAVE_LINUX_FILTER_H 1
| #define HAVE_LINUX_IF_TUN_H 1
| #define HAVE_NETDB_H 1
| #define HAVE_NETINET_IN_H 1
| #define HAVE_NETINET_TCP_H 1
| #define HAVE_STDLIB_H 1
| #define HAVE_STRING_H 1
| #define HAVE_STRINGS_H 1
| #define HAVE_SYS_SOCKET_H 1
| #define HAVE_SYS_TIME_H 1
| #define HAVE_SYSLOG_H 1
| #define HAVE_UNISTD_H 1
| #define HAVE_SIGNAL_H 1
| #define HAVE_IFADDRS_H 1
| /* end confdefs.h.  */
| #include <stdio.h>
| #ifdef HAVE_SYS_TYPES_H
| # include <sys/types.h>
| #endif
| #ifdef HAVE_SYS_STAT_H
| # include <sys/stat.h>
| #endif
| #ifdef STDC_HEADERS
| # include <stdlib.h>
| # include <stddef.h>
| #else
| # ifdef HAVE_STDLIB_H
| #  include <stdlib.h>
| # endif
| #endif
| #ifdef HAVE_STRING_H
| # if !defined STDC_HEADERS && defined HAVE_MEMORY_H
| #  include <memory.h>
| # endif
| # include <string.h>
| #endif
| #ifdef HAVE_STRINGS_H
| # include <strings.h>
| #endif
| #ifdef HAVE_INTTYPES_H
| # include <inttypes.h>
| #endif
| #ifdef HAVE_STDINT_H
| # include <stdint.h>
| #endif
| #ifdef HAVE_UNISTD_H
| # include <unistd.h>
| #endif
| int
| main ()
| {
| if (sizeof ((size_t)))
| 	    return 0;
|   ;
|   return 0;
| }
configure:7287: result: yes
configure:7298: checking for ssize_t
configure:7298: gcc -c  -O2   conftest.c >&5
configure:7298: $? = 0
configure:7298: gcc -c  -O2   conftest.c >&5
conftest.c: In function 'main':
conftest.c:88:22: error: expected expression before ')' token
   88 | if (sizeof ((ssize_t)))
      |                      ^
configure:7298: $? = 1
configure: failed program was:
| /* confdefs.h */
| #define PACKAGE_NAME "Iperf"
| #define PACKAGE_TARNAME "iperf"
| #define PACKAGE_VERSION "2.1.6"
| #define PACKAGE_STRING "Iperf 2.1.6"
| #define PACKAGE_BUGREPORT ""
| #define PACKAGE_URL ""
| #define PACKAGE "iperf"
| #define VERSION "2.1.6"
| #define HAVE_AF_PACKET 1
| #define HAVE_DECL_IFF_TUN 1
| #define HAVE_TUNTAP_TUN 1
| #define HAVE_DECL_IFF_TAP 1
| #define HAVE_TUNTAP_TAP 1
| #define HAVE_LIBRT 1
| #define HAVE_PTHREAD_PRIO_INHERIT 1
| #define HAVE_PTHREAD 1
| #define HAVE_POSIX_THREAD 1
| #define _REENTRANT 1
| #define STDC_HEADERS 1
| #define HAVE_SYS_TYPES_H 1
| #define HAVE_SYS_STAT_H 1
| #define HAVE_STDLIB_H 1
| #define HAVE_STRING_H 1
| #define HAVE_MEMORY_H 1
| #define HAVE_STRINGS_H 1
| #define HAVE_INTTYPES_H 1
| #define HAVE_STDINT_H 1
| #define HAVE_UNISTD_H 1
| #define HAVE_ARPA_INET_H 1
| #define HAVE_LIBINTL_H 1
| #define HAVE_NET_ETHERNET_H 1
| #define HAVE_NET_IF_H 1
| #define HAVE_LINUX_IP_H 1
| #define HAVE_LINUX_UDP_H 1
| #define HAVE_LINUX_IF_PACKET_H 1
| #define HAVE_LINUX_FILTER_H 1
| #define HAVE_LINUX_IF_TUN_H 1
| #define HAVE_NETDB_H 1
| #define HAVE_NETINET_IN_H 1
| #define HAVE_NETINET_TCP_H 1
| #define HAVE_STDLIB_H 1
| #define HAVE_STRING_H 1
| #define HAVE_STRINGS_H 1
| #define HAVE_SYS_SOCKET_H 1
| #define HAVE_SYS_TIME_H 1
| #define HAVE_SYSLOG_H 1
| #define HAVE_UNISTD_H 1
| #define HAVE_SIGNAL_H 1
| #define HAVE_IFADDRS_H 1
| /* end confdefs.h.  */
| #include <stdio.h>
| #ifdef HAVE_SYS_TYPES_H
| # include <sys/types.h>
| #endif
| #ifdef HAVE_SYS_STAT_H
| # include <sys/stat.h>
| #endif
| #ifdef STDC_HEADERS
| # include <stdlib.h>
| # include <stddef.h>
| #else
| # ifdef HAVE_STDLIB_H
| #  include <stdlib.h>
| # endif
| #endif
| #ifdef HAVE_STRING_H
| # if !defined STDC_HEADERS && defined HAVE_MEMORY_H
| #  include <memory.h>
| # endif
| # include <string.h>
| #endif
| #ifdef HAVE_STRINGS_H
| # include <strings.h>
| #endif
| #ifdef HAVE_INTTYPES_H
| # include <inttypes.h>
| #endif
| #ifdef HAVE_STDINT_H
| # include <stdint.h>
| #endif
| #ifdef HAVE_UNISTD_H
| # include <unistd.h>
| #endif
| int
| main ()
| {
| if (sizeof ((ssize_t)))
| 	    return 0;
|   ;
|   return 0;
| }
configure:7298: result: yes
configure:7313: checking whether time.h and sys/time.h may both be included
configure:7333: gcc -c  -O2   conftest.c >&5
configure:7333: $? = 0
configure:7340: result: yes
configure:7348: checking whether struct tm is in sys/time.h or time.h
configure:7368: gcc -c  -O2   conftest.c >&5
configure:7368: $? = 0
configure:7375: result: time.h
configure:7384: checking for int64_t
configure:7384: gcc -c  -O2   conftest.c >&5
configure:7384: $? = 0
configure:7384: gcc -c  -O2   conftest.c >&5
conftest.c: In function 'main':
conftest.c:90:22: error: expected expression before ')' token
   90 | if (sizeof ((int64_t)))
      |                      ^
configure:7384: $? = 1
configure: failed program was:
| /* confdefs.h */
| #define PACKAGE_NAME "Iperf"
| #define PACKAGE_TARNAME "iperf"
| #define PACKAGE_VERSION "2.1.6"
| #define PACKAGE_STRING "Iperf 2.1.6"
| #define PACKAGE_BUGREPORT ""
| #define PACKAGE_URL ""
| #define PACKAGE "iperf"
| #define VERSION "2.1.6"
| #define HAVE_AF_PACKET 1
| #define HAVE_DECL_IFF_TUN 1
| #define HAVE_TUNTAP_TUN 1
| #define HAVE_DECL_IFF_TAP 1
| #define HAVE_TUNTAP_TAP 1
| #define HAVE_LIBRT 1
| #define HAVE_PTHREAD_PRIO_INHERIT 1
| #define HAVE_PTHREAD 1
| #define HAVE_POSIX_THREAD 1
| #define _REENTRANT 1
| #define STDC_HEADERS 1
| #define HAVE_SYS_TYPES_H 1
| #define HAVE_SYS_STAT_H 1
| #define HAVE_STDLIB_H 1
| #define HAVE_STRING_H 1
| #define HAVE_MEMORY_H 1
| #define HAVE_STRINGS_H 1
| #define HAVE_INTTYPES_H 1
| #define HAVE_STDINT_H 1
| #define HAVE_UNISTD_H 1
| #define HAVE_ARPA_INET_H 1
| #define HAVE_LIBINTL_H 1
| #define HAVE_NET_ETHERNET_H 1
| #define HAVE_NET_IF_H 1
| #define HAVE_LINUX_IP_H 1
| #define HAVE_LINUX_UDP_H 1
| #define HAVE_LINUX_IF_PACKET_H 1
| #define HAVE_LINUX_FILTER_H 1
| #define HAVE_LINUX_IF_TUN_H 1
| #define HAVE_NETDB_H 1
| #define HAVE_NETINET_IN_H 1
| #define HAVE_NETINET_TCP_H 1
| #define HAVE_STDLIB_H 1
| #define HAVE_STRING_H 1
| #define HAVE_STRINGS_H 1
| #define HAVE_SYS_SOCKET_H 1
| #define HAVE_SYS_TIME_H 1
| #define HAVE_SYSLOG_H 1
| #define HAVE_UNISTD_H 1
| #define HAVE_SIGNAL_H 1
| #define HAVE_IFADDRS_H 1
| #define HAVE_SSIZE_T 1
| #define TIME_WITH_SYS_TIME 1
| /* end confdefs.h.  */
| #include <stdio.h>
| #ifdef HAVE_SYS_TYPES_H
| # include <sys/types.h>
| #endif
| #ifdef HAVE_SYS_STAT_H
| # include <sys/stat.h>
| #endif
| #ifdef STDC_HEADERS
| # include <stdlib.h>
| # include <stddef.h>
| #else
| # ifdef HAVE_STDLIB_H
| #  include <stdlib.h>
| # endif
| #endif
| #ifdef HAVE_STRING_H
| # if !defined STDC_HEADERS && defined HAVE_MEMORY_H
| #  include <memory.h>
| # endif
| # include <string.h>
| #endif
| #ifdef HAVE_STRINGS_H
| # include <strings.h>
| #endif
| #ifdef HAVE_INTTYPES_H
| # include <inttypes.h>
| #endif
| #ifdef HAVE_STDINT_H
| # include <stdint.h>
| #endif
| #ifdef HAVE_UNISTD_H
| # include <unistd.h>
| #endif
| int
| main ()
| {
| if (sizeof ((int64_t)))
| 	    return 0;
|   ;
|   return 0;
| }
configure:7384: result: yes
configure:7396: checking 3rd argument of accept
configure:7425: g++ -c  -O2   conftest.cpp >&5
configure:7425: $? = 0
configure:7588: result: socklen_t
configure:7601: checking for working memcmp
configure:7644: gcc -o conftest  -O2    conftest.c -lrt  >&5
configure:7644: $? = 0
configure:7644: ./conftest
configure:7644: $? = 0
configure:7654: result: yes
configure:7666: checking sys/select.h usability
configure:7666: gcc -c  -O2   conftest.c >&5
configure:7666: $? = 0
configure:7666: result: yes
configure:7666: checking sys/select.h presence
configure:7666: gcc -E  conftest.c
configure:7666: $? = 0
configure:7666: result: yes
configure:7666: checking for sys/select.h
configure:7666: result: yes
configure:7666: checking for sys/socket.h
configure:7666: result: yes
configure:7676: checking types of arguments for select
configure:7704: gcc -c  -O2   conftest.c >&5
configure:7704: $? = 0
configure:7715: result: int,fd_set *,struct timeval *
configure:7738: checking return type of signal handlers
configure:7756: gcc -c  -O2   conftest.c >&5
conftest.c: In function 'main':
conftest.c:67:10: error: void value not ignored as it ought to be
   67 | return *(signal (0, 0)) (0) == 1;
      |         ~^~~~~~~~~~~~~~~~~~
configure:7756: $? = 1
configure: failed program was:
| /* confdefs.h */
| #define PACKAGE_NAME "Iperf"
| #define PACKAGE_TARNAME "iperf"
| #define PACKAGE_VERSION "2.1.6"
| #define PACKAGE_STRING "Iperf 2.1.6"
| #define PACKAGE_BUGREPORT ""
| #define PACKAGE_URL ""
| #define PACKAGE "iperf"
| #define VERSION "2.1.6"
| #define HAVE_AF_PACKET 1
| #define HAVE_DECL_IFF_TUN 1
| #define HAVE_TUNTAP_TUN 1
| #define HAVE_DECL_IFF_TAP 1
| #define HAVE_TUNTAP_TAP 1
| #define HAVE_LIBRT 1
| #define HAVE_PTHREAD_PRIO_INHERIT 1
| #define HAVE_PTHREAD 1
| #define HAVE_POSIX_THREAD 1
| #define _REENTRANT 1
| #define STDC_HEADERS 1
| #define HAVE_SYS_TYPES_H 1
| #define HAVE_SYS_STAT_H 1
| #define HAVE_STDLIB_H 1
| #define HAVE_STRING_H 1
| #define HAVE_MEMORY_H 1
| #define HAVE_STRINGS_H 1
| #define HAVE_INTTYPES_H 1
| #define HAVE_STDINT_H 1
| #define HAVE_UNISTD_H 1
| #define HAVE_ARPA_INET_H 1
| #define HAVE_LIBINTL_H 1
| #define HAVE_NET_ETHERNET_H 1
| #define HAVE_NET_IF_H 1
| #define HAVE_LINUX_IP_H 1
| #define HAVE_LINUX_UDP_H 1
| #define HAVE_LINUX_IF_PACKET_H 1
| #define HAVE_LINUX_FILTER_H 1
| #define HAVE_LINUX_IF_TUN_H 1
| #define HAVE_NETDB_H 1
| #define HAVE_NETINET_IN_H 1
| #define HAVE_NETINET_TCP_H 1
| #define HAVE_STDLIB_H 1
| #define HAVE_STRING_H 1
| #define HAVE_STRINGS_H 1
| #define HAVE_SYS_SOCKET_H 1
| #define HAVE_SYS_TIME_H 1
| #define HAVE_SYSLOG_H 1
| #define HAVE_UNISTD_H 1
| #define HAVE_SIGNAL_H 1
| #define HAVE_IFADDRS_H 1
| #define HAVE_SSIZE_T 1
| #define TIME_WITH_SYS_TIME 1
| #define HAVE_INT64_T 1
| #define Socklen_t socklen_t
| #define HAVE_SYS_SELECT_H 1
| #define HAVE_SYS_SOCKET_H 1
| #define SELECT_TYPE_ARG1 int
| #define SELECT_TYPE_ARG234 (fd_set *)
| #define SELECT_TYPE_ARG5 (struct timeval *)
| /* end confdefs.h.  */
| #include <sys/types.h>
| #include <signal.h>
| 
| int
| main ()
| {
| return *(signal (0, 0)) (0) == 1;
|   ;
|   return 0;
| }
configure:7763: result: void
configure:7773: checking for strftime
configure:7773: gcc -o conftest  -O2    conftest.c -lrt  >&5
conftest.c:85:6: warning: conflicting types for built-in function 'strftime'; expected 'long unsigned int(char *, long unsigned int,  const char *, const void *)' [-Wbuiltin-declaration-mismatch]
   85 | char strftime ();
      |      ^~~~~~~~
conftest.c:73:1: note: 'strftime' is declared in header '<time.h>'
   72 | # include <limits.h>
   73 | #else
configure:7773: $? = 0
configure:7773: result: yes
configure:7828: checking for vprintf
configure:7828: gcc -o conftest  -O2    conftest.c -lrt  >&5
conftest.c:86:6: warning: conflicting types for built-in function 'vprintf'; expected 'int(const char *, __va_list_tag *)' [-Wbuiltin-declaration-mismatch]
   86 | char vprintf ();
      |      ^~~~~~~
conftest.c:74:1: note: 'vprintf' is declared in header '<stdio.h>'
   73 | # include <limits.h>
   74 | #else
configure:7828: $? = 0
configure:7828: result: yes
configure:7834: checking for _doprnt
configure:7834: gcc -o conftest  -O2    conftest.c -lrt  >&5
/usr/bin/ld: /tmp/ccmsSWGC.o: in function `main':
conftest.c:(.text.startup+0xb): undefined reference to `_doprnt'
collect2: error: ld returned 1 exit status
configure:7834: $? = 1
configure: failed program was:
| /* confdefs.h */
| #define PACKAGE_NAME "Iperf"
| #define PACKAGE_TARNAME "iperf"
| #define PACKAGE_VERSION "2.1.6"
| #define PACKAGE_STRING "Iperf 2.1.6"
| #define PACKAGE_BUGREPORT ""
| #define PACKAGE_URL ""
| #define PACKAGE "iperf"
| #define VERSION "2.1.6"
| #define HAVE_AF_PACKET 1
| #define HAVE_DECL_IFF_TUN 1
| #define HAVE_TUNTAP_TUN 1
| #define HAVE_DECL_IFF_TAP 1
| #define HAVE_TUNTAP_TAP 1
| #define HAVE_LIBRT 1
| #define HAVE_PTHREAD_PRIO_INHERIT 1
| #define HAVE_PTHREAD 1
| #define HAVE_POSIX_THREAD 1
| #define _REENTRANT 1
| #define STDC_HEADERS 1
| #define HAVE_SYS_TYPES_H 1
| #define HAVE_SYS_STAT_H 1
| #define HAVE_STDLIB_H 1
| #define HAVE_STRING_H 1
| #define HAVE_MEMORY_H 1
| #define HAVE_STRINGS_H 1
| #define HAVE_INTTYPES_H 1
| #define HAVE_STDINT_H 1
| #define HAVE_UNISTD_H 1
| #define HAVE_ARPA_INET_H 1
| #define HAVE_LIBINTL_H 1
| #define HAVE_NET_ETHERNET_H 1
| #define HAVE_NET_IF_H 1
| #define HAVE_LINUX_IP_H 1
| #define HAVE_LINUX_UDP_H 1
| #define HAVE_LINUX_IF_PACKET_H 1
| #define HAVE_LINUX_FILTER_H 1
| #define HAVE_LINUX_IF_TUN_H 1
| #define HAVE_NETDB_H 1
| #define HAVE_NETINET_IN_H 1
| #define HAVE_NETINET_TCP_H 1
| #define HAVE_STDLIB_H 1
| #define HAVE_STRING_H 1
| #define HAVE_STRINGS_H 1
| #define HAVE_SYS_SOCKET_H 1
| #define HAVE_SYS_TIME_H 1
| #define HAVE_SYSLOG_H 1
| #define HAVE_UNISTD_H 1
| #define HAVE_SIGNAL_H 1
| #define HAVE_IFADDRS_H 1
| #define HAVE_SSIZE_T 1
| #define TIME_WITH_SYS_TIME 1
| #define HAVE_INT64_T 1
| #define Socklen_t socklen_t
| #define HAVE_SYS_SELECT_H 1
| #define HAVE_SYS_SOCKET_H 1
| #define SELECT_TYPE_ARG1 int
| #define SELECT_TYPE_ARG234 (fd_set *)
| #define SELECT_TYPE_ARG5 (struct timeval *)
| #define RETSIGTYPE void
| #define HAVE_STRFTIME 1
| #define HAVE_VPRINTF 1
| /* end confdefs.h.  */
| /* Define _doprnt to an innocuous variant, in case <limits.h> declares _doprnt.
|    For example, HP-UX 11i <limits.h> declares gettimeofday.  */
| #define _doprnt innocuous__doprnt
| 
| /* System header to define __stub macros and hopefully few prototypes,
|     which can conflict with char _doprnt (); below.
|     Prefer <limits.h> to <assert.h> if __STDC__ is defined, since
|     <limits.h> exists even on freestanding compilers.  */
| 
| #ifdef __STDC__
| # include <limits.h>
| #else
| # include <assert.h>
| #endif
| 
| #undef _doprnt
| 
| /* Override any GCC internal prototype to avoid an error.
|    Use char because int might match the return type of a GCC
|    builtin and then its argument prototype would still apply.  */
| #ifdef __cplusplus
| extern "C"
| #endif
| char _doprnt ();
| /* The GNU C library defines this for functions which it implements
|     to always fail with ENOSYS.  Some functions are actually named
|     something starting with __ and the normal name is an alias.  */
| #if defined __stub__doprnt || defined __stub____doprnt
| choke me
| #endif
| 
| int
| main ()
| {
| return _doprnt ();
|   ;
|   return 0;
| }
configure:7834: result: no
configure:7848: checking for atexit
configure:7848: gcc -o conftest  -O2    conftest.c -lrt  >&5
configure:7848: $? = 0
configure:7848: result: yes
configure:7848: checking for memset
configure:7848: gcc -o conftest  -O2    conftest.c -lrt  >&5
conftest.c:88:6: warning: conflicting types for built-in function 'memset'; expected 'void *(void *, int,  long unsigned int)' [-Wbuiltin-declaration-mismatch]
   88 | char memset ();
      |      ^~~~~~
conftest.c:76:1: note: 'memset' is declared in header '<string.h>'
   75 | # include <limits.h>
   76 | #else
configure:7848: $? = 0
configure:7848: result: yes
configure:7848: checking for select
configure:7848: gcc -o conftest  -O2    conftest.c -lrt  >&5
configure:7848: $? = 0
configure:7848: result: yes
configure:7848: checking for strchr
configure:7848: gcc -o conftest  -O2    conftest.c -lrt  >&5
conftest.c:90:6: warning: conflicting types for built-in function 'strchr'; expected 'char *(const char *, int)' [-Wbuiltin-declaration-mismatch]
   90 | char strchr ();
      |      ^~~~~~
conftest.c:78:1: note: 'strchr' is declared in header '<string.h>'
   77 | # include <limits.h>
   78 | #else
configure:7848: $? = 0
configure:7848: result: yes
configure:7848: checking for strerror
configure:7848: gcc -o conftest  -O2    conftest.c -lrt  >&5
configure:7848: $? = 0
configure:7848: result: yes
configure:7848: checking for strtol
configure:7848: gcc -o conftest  -O2    conftest.c -lrt  >&5
configure:7848: $? = 0
configure:7848: result: yes
configure:7848: checking for strtoll
configure:7848: gcc -o conftest  -O2    conftest.c -lrt  >&5
configure:7848: $? = 0
configure:7848: result: yes
configure:7848: checking for usleep
configure:7848: gcc -o conftest  -O2    conftest.c -lrt  >&5
configure:7848: $? = 0
configure:7848: result: yes
configure:7848: checking for clock_gettime
configure:7848: gcc -o conftest  -O2    conftest.c -lrt  >&5
configure:7848: $? = 0
configure:7848: result: yes
configure:7848: checking for sched_setscheduler
configure:7848: gcc -o conftest  -O2    conftest.c -lrt  >&5
configure:7848: $? = 0
configure:7848: result: yes
configure:7848: checking for sched_yield
configure:7848: gcc -o conftest  -O2    conftest.c -lrt  >&5
configure:7848: $? = 0
configure:7848: result: yes
configure:7848: checking for mlockall
configure:7848: gcc -o conftest  -O2    conftest.c -lrt  >&5
configure:7848: $? = 0
configure:7848: result: yes
configure:7848: checking for setitimer
configure:7848: gcc -o conftest  -O2    conftest.c -lrt  >&5
configure:7848: $? = 0
configure:7848: result: yes
configure:7848: checking for nanosleep
configure:7848: gcc -o conftest  -O2    conftest.c -lrt  >&5
configure:7848: $? = 0
configure:7848: result: yes
configure:7848: checking for clock_nanosleep
configure:7848: gcc -o conftest  -O2    conftest.c -lrt  >&5
configure:7848: $? = 0
configure:7848: result: yes
configure:7848: checking for freopen
configure:7848: gcc -o conftest  -O2    conftest.c -lrt  >&5
configure:7848: $? = 0
configure:7848: result: yes
configure:7857: checking for snprintf
configure:7857: gcc -o conftest  -O2    conftest.c -lrt  >&5
conftest.c:103:6: warning: conflicting types for built-in function 'snprintf'; expected 'int(char *, long unsigned int,  const char *, ...)' [-Wbuiltin-declaration-mismatch]
  103 | char snprintf ();
      |      ^~~~~~~~
conftest.c:91:1: note: 'snprintf' is declared in header '<stdio.h>'
   90 | # include <limits.h>
   91 | #else
configure:7857: $? = 0
configure:7857: result: yes
configure:7870: checking for inet_pton
configure:7870: gcc -o conftest  -O2    conftest.c -lrt  >&5
configure:7870: $? = 0
configure:7870: result: yes
configure:7883: checking for inet_ntop
configure:7883: gcc -o conftest  -O2    conftest.c -lrt  >&5
configure:7883: $? = 0
configure:7883: result: yes
configure:7896: checking for gettimeofday
configure:7896: gcc -o conftest  -O2    conftest.c -lrt  >&5
configure:7896: $? = 0
configure:7896: result: yes
configure:7910: checking whether ENOBUFS is declared
configure:7910: gcc -c  -O2   conftest.c >&5
configure:7910: $? = 0
configure:7910: result: yes
configure:7921: checking whether EWOULDBLOCK is declared
configure:7921: gcc -c  -O2   conftest.c >&5
configure:7921: $? = 0
configure:7921: result: yes
configure:7933: checking whether pthread_cancel is declared
configure:7933: gcc -c  -O2   conftest.c >&5
configure:7933: $? = 0
configure:7933: result: yes
configure:7945: checking whether CPU_SET is declared
configure:7945: gcc -c  -O2   conftest.c >&5
configure:7945: $? = 0
configure:7945: result: yes
configure:7960: checking whether SIGALRM is declared
configure:7960: gcc -c  -O2   conftest.c >&5
configure:7960: $? = 0
configure:7960: result: yes
configure:7988: checking whether AF_INET6 is declared
configure:7988: gcc -c  -O2   conftest.c >&5
configure:7988: $? = 0
configure:7988: result: yes
configure:7999: checking whether SO_TIMESTAMP is declared
configure:7999: gcc -c  -O2   conftest.c >&5
configure:7999: $? = 0
configure:7999: result: yes
configure:8010: checking whether SO_SNDTIMEO is declared
configure:8010: gcc -c  -O2   conftest.c >&5
configure:8010: $? = 0
configure:8010: result: yes
configure:8021: checking whether SO_REUSEPORT is declared
configure:8021: gcc -c  -O2   conftest.c >&5
configure:8021: $? = 0
configure:8021: result: yes
configure:8032: checking whether SO_BINDTODEVICE is declared
configure:8032: gcc -c  -O2   conftest.c >&5
configure:8032: $? = 0
configure:8032: result: yes
configure:8043: checking whether MSG_DONTWAIT is declared
configure:8043: gcc -c  -O2   conftest.c >&5
configure:8043: $? = 0
configure:8043: result: yes
configure:8054: checking whether SO_MAX_PACING_RATE is declared
configure:8054: gcc -c  -O2   conftest.c >&5
configure:8054: $? = 0
configure:8054: result: yes
configure:8065: checking whether SO_DONTROUTE is declared
configure:8065: gcc -c  -O2   conftest.c >&5
configure:8065: $? = 0
configure:8065: result: yes
configure:8076: checking whether IPV6_TCLASS is declared
configure:8076: gcc -c  -O2   conftest.c >&5
configure:8076: $? = 0
configure:8076: result: yes
configure:8087: checking whether IP_MULTICAST_ALL is declared
configure:8087: gcc -c  -O2   conftest.c >&5
configure:8087: $? = 0
configure:8087: result: yes
configure:8098: checking whether IP_TOS is declared
configure:8098: gcc -c  -O2   conftest.c >&5
configure:8098: $? = 0
configure:8098: result: yes
configure:8109: checking whether MCAST_JOIN_GROUP is declared
configure:8109: gcc -c  -O2   conftest.c >&5
configure:8109: $? = 0
configure:8109: result: yes
configure:8120: checking whether MCAST_JOIN_SOURCE_GROUP is declared
configure:8120: gcc -c  -O2   conftest.c >&5
configure:8120: $? = 0
configure:8120: result: yes
configure:8131: checking whether IPV6_JOIN_GROUP is declared
configure:8131: gcc -c  -O2   conftest.c >&5
configure:8131: $? = 0
configure:8131: result: yes
configure:8142: checking whether IPV6_V6ONLY is declared
configure:8142: gcc -c  -O2   conftest.c >&5
configure:8142: $? = 0
configure:8142: result: yes
configure:8153: checking whether IPV6_ADD_MEMBERSHIP is declared
configure:8153: gcc -c  -O2   conftest.c >&5
configure:8153: $? = 0
configure:8153: result: yes
configure:8164: checking whether IPV6_MULTICAST_HOPS is declared
configure:8164: gcc -c  -O2   conftest.c >&5
configure:8164: $? = 0
configure:8164: result: yes
configure:8175: checking whether MSG_PEEK is declared
configure:8175: gcc -c  -O2   conftest.c >&5
configure:8175: $? = 0
configure:8175: result: yes
configure:8186: checking whether MSG_WAITALL is declared
configure:8186: gcc -c  -O2   conftest.c >&5
configure:8186: $? = 0
configure:8186: result: yes
configure:8197: checking whether TCP_NODELAY is declared
configure:8197: gcc -c  -O2   conftest.c >&5
configure:8197: $? = 0
configure:8197: result: yes
configure:8208: checking whether TCP_INFO is declared
configure:8208: gcc -c  -O2   conftest.c >&5
configure:8208: $? = 0
configure:8208: result: yes
configure:8219: checking whether TCP_CONNECTION_INFO is declared
configure:8219: gcc -c  -O2   conftest.c >&5
conftest.c: In function 'main':
conftest.c:131:10: error: 'TCP_CONNECTION_INFO' undeclared (first use in this function); did you mean 'TCP_CONGESTION'?
  131 |   (void) TCP_CONNECTION_INFO;
      |          ^~~~~~~~~~~~~~~~~~~
      |          TCP_CONGESTION
conftest.c:131:10: note: each undeclared identifier is reported only once for each function it appears in
configure:8219: $? = 1
configure: failed program was:
| /* confdefs.h */
| #define PACKAGE_NAME "Iperf"
| #define PACKAGE_TARNAME "iperf"
| #define PACKAGE_VERSION "2.1.6"
| #define PACKAGE_STRING "Iperf 2.1.6"
| #define PACKAGE_BUGREPORT ""
| #define PACKAGE_URL ""
| #define PACKAGE "iperf"
| #define VERSION "2.1.6"
| #define HAVE_AF_PACKET 1
| #define HAVE_DECL_IFF_TUN 1
| #define HAVE_TUNTAP_TUN 1
| #define HAVE_DECL_IFF_TAP 1
| #define HAVE_TUNTAP_TAP 1
| #define HAVE_LIBRT 1
| #define HAVE_PTHREAD_PRIO_INHERIT 1
| #define HAVE_PTHREAD 1
| #define HAVE_POSIX_THREAD 1
| #define _REENTRANT 1
| #define STDC_HEADERS 1
| #define HAVE_SYS_TYPES_H 1
| #define HAVE_SYS_STAT_H 1
| #define HAVE_STDLIB_H 1
| #define HAVE_STRING_H 1
| #define HAVE_MEMORY_H 1
| #define HAVE_STRINGS_H 1
| #define HAVE_INTTYPES_H 1
| #define HAVE_STDINT_H 1
| #define HAVE_UNISTD_H 1
| #define HAVE_ARPA_INET_H 1
| #define HAVE_LIBINTL_H 1
| #define HAVE_NET_ETHERNET_H 1
| #define HAVE_NET_IF_H 1
| #define HAVE_LINUX_IP_H 1
| #define HAVE_LINUX_UDP_H 1
| #define HAVE_LINUX_IF_PACKET_H 1
| #define HAVE_LINUX_FILTER_H 1
| #define HAVE_LINUX_IF_TUN_H 1
| #define HAVE_NETDB_H 1
| #define HAVE_NETINET_IN_H 1
| #define HAVE_NETINET_TCP_H 1
| #define HAVE_STDLIB_H 1
| #define HAVE_STRING_H 1
| #define HAVE_STRINGS_H 1
| #define HAVE_SYS_SOCKET_H 1
| #define HAVE_SYS_TIME_H 1
| #define HAVE_SYSLOG_H 1
| #define HAVE_UNISTD_H 1
| #define HAVE_SIGNAL_H 1
| #define HAVE_IFADDRS_H 1
| #define HAVE_SSIZE_T 1
| #define TIME_WITH_SYS_TIME 1
| #define HAVE_INT64_T 1
| #define Socklen_t socklen_t
| #define HAVE_SYS_SELECT_H 1
| #define HAVE_SYS_SOCKET_H 1
| #define SELECT_TYPE_ARG1 int
| #define SELECT_TYPE_ARG234 (fd_set *)
| #define SELECT_TYPE_ARG5 (struct timeval *)
| #define RETSIGTYPE void
| #define HAVE_STRFTIME 1
| #define HAVE_VPRINTF 1
| #define HAVE_ATEXIT 1
| #define HAVE_MEMSET 1
| #define HAVE_SELECT 1
| #define HAVE_STRCHR 1
| #define HAVE_STRERROR 1
| #define HAVE_STRTOL 1
| #define HAVE_STRTOLL 1
| #define HAVE_USLEEP 1
| #define HAVE_CLOCK_GETTIME 1
| #define HAVE_SCHED_SETSCHEDULER 1
| #define HAVE_SCHED_YIELD 1
| #define HAVE_MLOCKALL 1
| #define HAVE_SETITIMER 1
| #define HAVE_NANOSLEEP 1
| #define HAVE_CLOCK_NANOSLEEP 1
| #define HAVE_FREOPEN 1
| #define HAVE_SNPRINTF 1
| #define HAVE_INET_PTON 1
| #define HAVE_INET_NTOP 1
| #define HAVE_GETTIMEOFDAY 1
| #define HAVE_DECL_ENOBUFS 1
| #define HAVE_DECL_EWOULDBLOCK 1
| #define HAVE_DECL_PTHREAD_CANCEL 1
| #define HAVE_DECL_CPU_SET 1
| #define HAVE_DECL_SIGALRM 1
| #define HAVE_DECL_AF_INET6 1
| #define HAVE_DECL_SO_TIMESTAMP 1
| #define HAVE_DECL_SO_SNDTIMEO 1
| #define HAVE_DECL_SO_REUSEPORT 1
| #define HAVE_DECL_SO_BINDTODEVICE 1
| #define HAVE_DECL_MSG_DONTWAIT 1
| #define HAVE_DECL_SO_MAX_PACING_RATE 1
| #define HAVE_DECL_SO_DONTROUTE 1
| #define HAVE_DECL_IPV6_TCLASS 1
| #define HAVE_DECL_IP_MULTICAST_ALL 1
| #define HAVE_DECL_IP_TOS 1
| #define HAVE_DECL_MCAST_JOIN_GROUP 1
| #define HAVE_DECL_MCAST_JOIN_SOURCE_GROUP 1
| #define HAVE_DECL_IPV6_JOIN_GROUP 1
| #define HAVE_DECL_IPV6_V6ONLY 1
| #define HAVE_DECL_IPV6_ADD_MEMBERSHIP 1
| #define HAVE_DECL_IPV6_MULTICAST_HOPS 1
| #define HAVE_DECL_MSG_PEEK 1
| #define HAVE_DECL_MSG_WAITALL 1
| #define HAVE_DECL_TCP_NODELAY 1
| #define HAVE_DECL_TCP_INFO 1
| /* end confdefs.h.  */
| 
| #ifdef HAVE_WINSOCK2_H
| #define _WIN32_WINNT 0x0501 /* use (at least) WinXP API */
| #define WIN32_LEAN_AND_MEAN /* exclude unnecesary headers */
| #include <windows.h>
| #include <winsock2.h>
| #include <ws2tcpip.h>
| #else
| #include <sys/socket.h>
| #include <netinet/in.h>
| #include <netinet/tcp.h>
| #endif
| 
| 
| int
| main ()
| {
| #ifndef TCP_CONNECTION_INFO
| #ifdef __cplusplus
|   (void) TCP_CONNECTION_INFO;
| #else
|   (void) TCP_CONNECTION_INFO;
| #endif
| #endif
| 
|   ;
|   return 0;
| }
configure:8219: result: no
configure:8230: checking whether TCP_WINDOW_CLAMP is declared
configure:8230: gcc -c  -O2   conftest.c >&5
configure:8230: $? = 0
configure:8230: result: yes
configure:8241: checking whether TCP_NOTSENT_LOWAT is declared
configure:8241: gcc -c  -O2   conftest.c >&5
configure:8241: $? = 0
configure:8241: result: yes
configure:8252: checking whether IP_ADD_MEMBERSHIP is declared
configure:8252: gcc -c  -O2   conftest.c >&5
configure:8252: $? = 0
configure:8252: result: yes
configure:8263: checking whether IP_ADD_SOURCE_MEMBERSHIP is declared
configure:8263: gcc -c  -O2   conftest.c >&5
configure:8263: $? = 0
configure:8263: result: yes
configure:8276: checking for struct sockaddr_storage
configure:8276: gcc -c  -O2   conftest.c >&5
configure:8276: $? = 0
configure:8276: gcc -c  -O2   conftest.c >&5
conftest.c: In function 'main':
conftest.c:132:38: error: expected expression before ')' token
  132 | if (sizeof ((struct sockaddr_storage)))
      |                                      ^
configure:8276: $? = 1
configure: failed program was:
| /* confdefs.h */
| #define PACKAGE_NAME "Iperf"
| #define PACKAGE_TARNAME "iperf"
| #define PACKAGE_VERSION "2.1.6"
| #define PACKAGE_STRING "Iperf 2.1.6"
| #define PACKAGE_BUGREPORT ""
| #define PACKAGE_URL ""
| #define PACKAGE "iperf"
| #define VERSION "2.1.6"
| #define HAVE_AF_PACKET 1
| #define HAVE_DECL_IFF_TUN 1
| #define HAVE_TUNTAP_TUN 1
| #define HAVE_DECL_IFF_TAP 1
| #define HAVE_TUNTAP_TAP 1
| #define HAVE_LIBRT 1
| #define HAVE_PTHREAD_PRIO_INHERIT 1
| #define HAVE_PTHREAD 1
| #define HAVE_POSIX_THREAD 1
| #define _REENTRANT 1
| #define STDC_HEADERS 1
| #define HAVE_SYS_TYPES_H 1
| #define HAVE_SYS_STAT_H 1
| #define HAVE_STDLIB_H 1
| #define HAVE_STRING_H 1
| #define HAVE_MEMORY_H 1
| #define HAVE_STRINGS_H 1
| #define HAVE_INTTYPES_H 1
| #define HAVE_STDINT_H 1
| #define HAVE_UNISTD_H 1
| #define HAVE_ARPA_INET_H 1
| #define HAVE_LIBINTL_H 1
| #define HAVE_NET_ETHERNET_H 1
| #define HAVE_NET_IF_H 1
| #define HAVE_LINUX_IP_H 1
| #define HAVE_LINUX_UDP_H 1
| #define HAVE_LINUX_IF_PACKET_H 1
| #define HAVE_LINUX_FILTER_H 1
| #define HAVE_LINUX_IF_TUN_H 1
| #define HAVE_NETDB_H 1
| #define HAVE_NETINET_IN_H 1
| #define HAVE_NETINET_TCP_H 1
| #define HAVE_STDLIB_H 1
| #define HAVE_STRING_H 1
| #define HAVE_STRINGS_H 1
| #define HAVE_SYS_SOCKET_H 1
| #define HAVE_SYS_TIME_H 1
| #define HAVE_SYSLOG_H 1
| #define HAVE_UNISTD_H 1
| #define HAVE_SIGNAL_H 1
| #define HAVE_IFADDRS_H 1
| #define HAVE_SSIZE_T 1
| #define TIME_WITH_SYS_TIME 1
| #define HAVE_INT64_T 1
| #define Socklen_t socklen_t
| #define HAVE_SYS_SELECT_H 1
| #define HAVE_SYS_SOCKET_H 1
| #define SELECT_TYPE_ARG1 int
| #define SELECT_TYPE_ARG234 (fd_set *)
| #define SELECT_TYPE_ARG5 (struct timeval *)
| #define RETSIGTYPE void
| #define HAVE_STRFTIME 1
| #define HAVE_VPRINTF 1
| #define HAVE_ATEXIT 1
| #define HAVE_MEMSET 1
| #define HAVE_SELECT 1
| #define HAVE_STRCHR 1
| #define HAVE_STRERROR 1
| #define HAVE_STRTOL 1
| #define HAVE_STRTOLL 1
| #define HAVE_USLEEP 1
| #define HAVE_CLOCK_GETTIME 1
| #define HAVE_SCHED_SETSCHEDULER 1
| #define HAVE_SCHED_YIELD 1
| #define HAVE_MLOCKALL 1
| #define HAVE_SETITIMER 1
| #define HAVE_NANOSLEEP 1
| #define HAVE_CLOCK_NANOSLEEP 1
| #define HAVE_FREOPEN 1
| #define HAVE_SNPRINTF 1
| #define HAVE_INET_PTON 1
| #define HAVE_INET_NTOP 1
| #define HAVE_GETTIMEOFDAY 1
| #define HAVE_DECL_ENOBUFS 1
| #define HAVE_DECL_EWOULDBLOCK 1
| #define HAVE_DECL_PTHREAD_CANCEL 1
| #define HAVE_DECL_CPU_SET 1
| #define HAVE_DECL_SIGALRM 1
| #define HAVE_DECL_AF_INET6 1
| #define HAVE_DECL_SO_TIMESTAMP 1
| #define HAVE_DECL_SO_SNDTIMEO 1
| #define HAVE_DECL_SO_REUSEPORT 1
| #define HAVE_DECL_SO_BINDTODEVICE 1
| #define HAVE_DECL_MSG_DONTWAIT 1
| #define HAVE_DECL_SO_MAX_PACING_RATE 1
| #define HAVE_DECL_SO_DONTROUTE 1
| #define HAVE_DECL_IPV6_TCLASS 1
| #define HAVE_DECL_IP_MULTICAST_ALL 1
| #define HAVE_DECL_IP_TOS 1
| #define HAVE_DECL_MCAST_JOIN_GROUP 1
| #define HAVE_DECL_MCAST_JOIN_SOURCE_GROUP 1
| #define HAVE_DECL_IPV6_JOIN_GROUP 1
| #define HAVE_DECL_IPV6_V6ONLY 1
| #define HAVE_DECL_IPV6_ADD_MEMBERSHIP 1
| #define HAVE_DECL_IPV6_MULTICAST_HOPS 1
| #define HAVE_DECL_MSG_PEEK 1
| #define HAVE_DECL_MSG_WAITALL 1
| #define HAVE_DECL_TCP_NODELAY 1
| #define HAVE_DECL_TCP_INFO 1
| #define HAVE_DECL_TCP_CONNECTION_INFO 0
| #define HAVE_DECL_TCP_WINDOW_CLAMP 1
| #define HAVE_DECL_TCP_NOTSENT_LOWAT 1
| #define HAVE_DECL_IP_ADD_MEMBERSHIP 1
| #define HAVE_DECL_IP_ADD_SOURCE_MEMBERSHIP 1
| /* end confdefs.h.  */
| 
| #ifdef HAVE_WINSOCK2_H
| #define _WIN32_WINNT 0x0501 /* use (at least) WinXP API */
| #define WIN32_LEAN_AND_MEAN /* exclude unnecesary headers */
| #include <windows.h>
| #include <winsock2.h>
| #include <ws2tcpip.h>
| #else
| #include <sys/socket.h>
| #include <netinet/in.h>
| #include <netinet/tcp.h>
| #endif
| 
| 
| int
| main ()
| {
| if (sizeof ((struct sockaddr_storage)))
| 	    return 0;
|   ;
|   return 0;
| }
configure:8276: result: yes
configure:8286: checking for struct sockaddr_in6
configure:8286: gcc -c  -O2   conftest.c >&5
configure:8286: $? = 0
configure:8286: gcc -c  -O2   conftest.c >&5
conftest.c: In function 'main':
conftest.c:133:34: error: expected expression before ')' token
  133 | if (sizeof ((struct sockaddr_in6)))
      |                                  ^
configure:8286: $? = 1
configure: failed program was:
| /* confdefs.h */
| #define PACKAGE_NAME "Iperf"
| #define PACKAGE_TARNAME "iperf"
| #define PACKAGE_VERSION "2.1.6"
| #define PACKAGE_STRING "Iperf 2.1.6"
| #define PACKAGE_BUGREPORT ""
| #define PACKAGE_URL ""
| #define PACKAGE "iperf"
| #define VERSION "2.1.6"
| #define HAVE_AF_PACKET 1
| #define HAVE_DECL_IFF_TUN 1
| #define HAVE_TUNTAP_TUN 1
| #define HAVE_DECL_IFF_TAP 1
| #define HAVE_TUNTAP_TAP 1
| #define HAVE_LIBRT 1
| #define HAVE_PTHREAD_PRIO_INHERIT 1
| #define HAVE_PTHREAD 1
| #define HAVE_POSIX_THREAD 1
| #define _REENTRANT 1
| #define STDC_HEADERS 1
| #define HAVE_SYS_TYPES_H 1
| #define HAVE_SYS_STAT_H 1
| #define HAVE_STDLIB_H 1
| #define HAVE_STRING_H 1
| #define HAVE_MEMORY_H 1
| #define HAVE_STRINGS_H 1
| #define HAVE_INTTYPES_H 1
| #define HAVE_STDINT_H 1
| #define HAVE_UNISTD_H 1
| #define HAVE_ARPA_INET_H 1
| #define HAVE_LIBINTL_H 1
| #define HAVE_NET_ETHERNET_H 1
| #define HAVE_NET_IF_H 1
| #define HAVE_LINUX_IP_H 1
| #define HAVE_LINUX_UDP_H 1
| #define HAVE_LINUX_IF_PACKET_H 1
| #define HAVE_LINUX_FILTER_H 1
| #define HAVE_LINUX_IF_TUN_H 1
| #define HAVE_NETDB_H 1
| #define HAVE_NETINET_IN_H 1
| #define HAVE_NETINET_TCP_H 1
| #define HAVE_STDLIB_H 1
| #define HAVE_STRING_H 1
| #define HAVE_STRINGS_H 1
| #define HAVE_SYS_SOCKET_H 1
| #define HAVE_SYS_TIME_H 1
| #define HAVE_SYSLOG_H 1
| #define HAVE_UNISTD_H 1
| #define HAVE_SIGNAL_H 1
| #define HAVE_IFADDRS_H 1
| #define HAVE_SSIZE_T 1
| #define TIME_WITH_SYS_TIME 1
| #define HAVE_INT64_T 1
| #define Socklen_t socklen_t
| #define HAVE_SYS_SELECT_H 1
| #define HAVE_SYS_SOCKET_H 1
| #define SELECT_TYPE_ARG1 int
| #define SELECT_TYPE_ARG234 (fd_set *)
| #define SELECT_TYPE_ARG5 (struct timeval *)
| #define RETSIGTYPE void
| #define HAVE_STRFTIME 1
| #define HAVE_VPRINTF 1
| #define HAVE_ATEXIT 1
| #define HAVE_MEMSET 1
| #define HAVE_SELECT 1
| #define HAVE_STRCHR 1
| #define HAVE_STRERROR 1
| #define HAVE_STRTOL 1
| #define HAVE_STRTOLL 1
| #define HAVE_USLEEP 1
| #define HAVE_CLOCK_GETTIME 1
| #define HAVE_SCHED_SETSCHEDULER 1
| #define HAVE_SCHED_YIELD 1
| #define HAVE_MLOCKALL 1
| #define HAVE_SETITIMER 1
| #define HAVE_NANOSLEEP 1
| #define HAVE_CLOCK_NANOSLEEP 1
| #define HAVE_FREOPEN 1
| #define HAVE_SNPRINTF 1
| #define HAVE_INET_PTON 1
| #define HAVE_INET_NTOP 1
| #define HAVE_GETTIMEOFDAY 1
| #define HAVE_DECL_ENOBUFS 1
| #define HAVE_DECL_EWOULDBLOCK 1
| #define HAVE_DECL_PTHREAD_CANCEL 1
| #define HAVE_DECL_CPU_SET 1
| #define HAVE_DECL_SIGALRM 1
| #define HAVE_DECL_AF_INET6 1
| #define HAVE_DECL_SO_TIMESTAMP 1
| #define HAVE_DECL_SO_SNDTIMEO 1
| #define HAVE_DECL_SO_REUSEPORT 1
| #define HAVE_DECL_SO_BINDTODEVICE 1
| #define HAVE_DECL_MSG_DONTWAIT 1
| #define HAVE_DECL_SO_MAX_PACING_RATE 1
| #define HAVE_DECL_SO_DONTROUTE 1
| #define HAVE_DECL_IPV6_TCLASS 1
| #define HAVE_DECL_IP_MULTICAST_ALL 1
| #define HAVE_DECL_IP_TOS 1
| #define HAVE_DECL_MCAST_JOIN_GROUP 1
| #define HAVE_DECL_MCAST_JOIN_SOURCE_GROUP 1
| #define HAVE_DECL_IPV6_JOIN_GROUP 1
| #define HAVE_DECL_IPV6_V6ONLY 1
| #define HAVE_DECL_IPV6_ADD_MEMBERSHIP 1
| #define HAVE_DECL_IPV6_MULTICAST_HOPS 1
| #define HAVE_DECL_MSG_PEEK 1
| #define HAVE_DECL_MSG_WAITALL 1
| #define HAVE_DECL_TCP_NODELAY 1
| #define HAVE_DECL_TCP_INFO 1
| #define HAVE_DECL_TCP_CONNECTION_INFO 0
| #define HAVE_DECL_TCP_WINDOW_CLAMP 1
| #define HAVE_DECL_TCP_NOTSENT_LOWAT 1
| #define HAVE_DECL_IP_ADD_MEMBERSHIP 1
| #define HAVE_DECL_IP_ADD_SOURCE_MEMBERSHIP 1
| #define HAVE_STRUCT_SOCKADDR_STORAGE 1
| /* end confdefs.h.  */
| 
| #ifdef HAVE_WINSOCK2_H
| #define _WIN32_WINNT 0x0501 /* use (at least) WinXP API */
| #define WIN32_LEAN_AND_MEAN /* exclude unnecesary headers */
| #include <windows.h>
| #include <winsock2.h>
| #include <ws2tcpip.h>
| #else
| #include <sys/socket.h>
| #include <netinet/in.h>
| #include <netinet/tcp.h>
| #endif
| 
| 
| int
| main ()
| {
| if (sizeof ((struct sockaddr_in6)))
| 	    return 0;
|   ;
|   return 0;
| }
configure:8286: result: yes
configure:8296: checking for struct group_source_req
configure:8296: gcc -c  -O2   conftest.c >&5
configure:8296: $? = 0
configure:8296: gcc -c  -O2   conftest.c >&5
conftest.c: In function 'main':
conftest.c:134:38: error: expected expression before ')' token
  134 | if (sizeof ((struct group_source_req)))
      |                                      ^
configure:8296: $? = 1
configure: failed program was:
| /* confdefs.h */
| #define PACKAGE_NAME "Iperf"
| #define PACKAGE_TARNAME "iperf"
| #define PACKAGE_VERSION "2.1.6"
| #define PACKAGE_STRING "Iperf 2.1.6"
| #define PACKAGE_BUGREPORT ""
| #define PACKAGE_URL ""
| #define PACKAGE "iperf"
| #define VERSION "2.1.6"
| #define HAVE_AF_PACKET 1
| #define HAVE_DECL_IFF_TUN 1
| #define HAVE_TUNTAP_TUN 1
| #define HAVE_DECL_IFF_TAP 1
| #define HAVE_TUNTAP_TAP 1
| #define HAVE_LIBRT 1
| #define HAVE_PTHREAD_PRIO_INHERIT 1
| #define HAVE_PTHREAD 1
| #define HAVE_POSIX_THREAD 1
| #define _REENTRANT 1
| #define STDC_HEADERS 1
| #define HAVE_SYS_TYPES_H 1
| #define HAVE_SYS_STAT_H 1
| #define HAVE_STDLIB_H 1
| #define HAVE_STRING_H 1
| #define HAVE_MEMORY_H 1
| #define HAVE_STRINGS_H 1
| #define HAVE_INTTYPES_H 1
| #define HAVE_STDINT_H 1
| #define HAVE_UNISTD_H 1
| #define HAVE_ARPA_INET_H 1
| #define HAVE_LIBINTL_H 1
| #define HAVE_NET_ETHERNET_H 1
| #define HAVE_NET_IF_H 1
| #define HAVE_LINUX_IP_H 1
| #define HAVE_LINUX_UDP_H 1
| #define HAVE_LINUX_IF_PACKET_H 1
| #define HAVE_LINUX_FILTER_H 1
| #define HAVE_LINUX_IF_TUN_H 1
| #define HAVE_NETDB_H 1
| #define HAVE_NETINET_IN_H 1
| #define HAVE_NETINET_TCP_H 1
| #define HAVE_STDLIB_H 1
| #define HAVE_STRING_H 1
| #define HAVE_STRINGS_H 1
| #define HAVE_SYS_SOCKET_H 1
| #define HAVE_SYS_TIME_H 1
| #define HAVE_SYSLOG_H 1
| #define HAVE_UNISTD_H 1
| #define HAVE_SIGNAL_H 1
| #define HAVE_IFADDRS_H 1
| #define HAVE_SSIZE_T 1
| #define TIME_WITH_SYS_TIME 1
| #define HAVE_INT64_T 1
| #define Socklen_t socklen_t
| #define HAVE_SYS_SELECT_H 1
| #define HAVE_SYS_SOCKET_H 1
| #define SELECT_TYPE_ARG1 int
| #define SELECT_TYPE_ARG234 (fd_set *)
| #define SELECT_TYPE_ARG5 (struct timeval *)
| #define RETSIGTYPE void
| #define HAVE_STRFTIME 1
| #define HAVE_VPRINTF 1
| #define HAVE_ATEXIT 1
| #define HAVE_MEMSET 1
| #define HAVE_SELECT 1
| #define HAVE_STRCHR 1
| #define HAVE_STRERROR 1
| #define HAVE_STRTOL 1
| #define HAVE_STRTOLL 1
| #define HAVE_USLEEP 1
| #define HAVE_CLOCK_GETTIME 1
| #define HAVE_SCHED_SETSCHEDULER 1
| #define HAVE_SCHED_YIELD 1
| #define HAVE_MLOCKALL 1
| #define HAVE_SETITIMER 1
| #define HAVE_NANOSLEEP 1
| #define HAVE_CLOCK_NANOSLEEP 1
| #define HAVE_FREOPEN 1
| #define HAVE_SNPRINTF 1
| #define HAVE_INET_PTON 1
| #define HAVE_INET_NTOP 1
| #define HAVE_GETTIMEOFDAY 1
| #define HAVE_DECL_ENOBUFS 1
| #define HAVE_DECL_EWOULDBLOCK 1
| #define HAVE_DECL_PTHREAD_CANCEL 1
| #define HAVE_DECL_CPU_SET 1
| #define HAVE_DECL_SIGALRM 1
| #define HAVE_DECL_AF_INET6 1
| #define HAVE_DECL_SO_TIMESTAMP 1
| #define HAVE_DECL_SO_SNDTIMEO 1
| #define HAVE_DECL_SO_REUSEPORT 1
| #define HAVE_DECL_SO_BINDTODEVICE 1
| #define HAVE_DECL_MSG_DONTWAIT 1
| #define HAVE_DECL_SO_MAX_PACING_RATE 1
| #define HAVE_DECL_SO_DONTROUTE 1
| #define HAVE_DECL_IPV6_TCLASS 1
| #define HAVE_DECL_IP_MULTICAST_ALL 1
| #define HAVE_DECL_IP_TOS 1
| #define HAVE_DECL_MCAST_JOIN_GROUP 1
| #define HAVE_DECL_MCAST_JOIN_SOURCE_GROUP 1
| #define HAVE_DECL_IPV6_JOIN_GROUP 1
| #define HAVE_DECL_IPV6_V6ONLY 1
| #define HAVE_DECL_IPV6_ADD_MEMBERSHIP 1
| #define HAVE_DECL_IPV6_MULTICAST_HOPS 1
| #define HAVE_DECL_MSG_PEEK 1
| #define HAVE_DECL_MSG_WAITALL 1
| #define HAVE_DECL_TCP_NODELAY 1
| #define HAVE_DECL_TCP_INFO 1
| #define HAVE_DECL_TCP_CONNECTION_INFO 0
| #define HAVE_DECL_TCP_WINDOW_CLAMP 1
| #define HAVE_DECL_TCP_NOTSENT_LOWAT 1
| #define HAVE_DECL_IP_ADD_MEMBERSHIP 1
| #define HAVE_DECL_IP_ADD_SOURCE_MEMBERSHIP 1
| #define HAVE_STRUCT_SOCKADDR_STORAGE 1
| #define HAVE_STRUCT_SOCKADDR_IN6 1
| /* end confdefs.h.  */
| 
| #ifdef HAVE_WINSOCK2_H
| #define _WIN32_WINNT 0x0501 /* use (at least) WinXP API */
| #define WIN32_LEAN_AND_MEAN /* exclude unnecesary headers */
| #include <windows.h>
| #include <winsock2.h>
| #include <ws2tcpip.h>
| #else
| #include <sys/socket.h>
| #include <netinet/in.h>
| #include <netinet/tcp.h>
| #endif
| 
| 
| int
| main ()
| {
| if (sizeof ((struct group_source_req)))
| 	    return 0;
|   ;
|   return 0;
| }
configure:8296: result: yes
configure:8306: checking for struct ip_mreq
configure:8306: gcc -c  -O2   conftest.c >&5
configure:8306: $? = 0
configure:8306: gcc -c  -O2   conftest.c >&5
conftest.c: In function 'main':
conftest.c:135:29: error: expected expression before ')' token
  135 | if (sizeof ((struct ip_mreq)))
      |                             ^
configure:8306: $? = 1
configure: failed program was:
| /* confdefs.h */
| #define PACKAGE_NAME "Iperf"
| #define PACKAGE_TARNAME "iperf"
| #define PACKAGE_VERSION "2.1.6"
| #define PACKAGE_STRING "Iperf 2.1.6"
| #define PACKAGE_BUGREPORT ""
| #define PACKAGE_URL ""
| #define PACKAGE "iperf"
| #define VERSION "2.1.6"
| #define HAVE_AF_PACKET 1
| #define HAVE_DECL_IFF_TUN 1
| #define HAVE_TUNTAP_TUN 1
| #define HAVE_DECL_IFF_TAP 1
| #define HAVE_TUNTAP_TAP 1
| #define HAVE_LIBRT 1
| #define HAVE_PTHREAD_PRIO_INHERIT 1
| #define HAVE_PTHREAD 1
| #define HAVE_POSIX_THREAD 1
| #define _REENTRANT 1
| #define STDC_HEADERS 1
| #define HAVE_SYS_TYPES_H 1
| #define HAVE_SYS_STAT_H 1
| #define HAVE_STDLIB_H 1
| #define HAVE_STRING_H 1
| #define HAVE_MEMORY_H 1
| #define HAVE_STRINGS_H 1
| #define HAVE_INTTYPES_H 1
| #define HAVE_STDINT_H 1
| #define HAVE_UNISTD_H 1
| #define HAVE_ARPA_INET_H 1
| #define HAVE_LIBINTL_H 1
| #define HAVE_NET_ETHERNET_H 1
| #define HAVE_NET_IF_H 1
| #define HAVE_LINUX_IP_H 1
| #define HAVE_LINUX_UDP_H 1
| #define HAVE_LINUX_IF_PACKET_H 1
| #define HAVE_LINUX_FILTER_H 1
| #define HAVE_LINUX_IF_TUN_H 1
| #define HAVE_NETDB_H 1
| #define HAVE_NETINET_IN_H 1
| #define HAVE_NETINET_TCP_H 1
| #define HAVE_STDLIB_H 1
| #define HAVE_STRING_H 1
| #define HAVE_STRINGS_H 1
| #define HAVE_SYS_SOCKET_H 1
| #define HAVE_SYS_TIME_H 1
| #define HAVE_SYSLOG_H 1
| #define HAVE_UNISTD_H 1
| #define HAVE_SIGNAL_H 1
| #define HAVE_IFADDRS_H 1
| #define HAVE_SSIZE_T 1
| #define TIME_WITH_SYS_TIME 1
| #define HAVE_INT64_T 1
| #define Socklen_t socklen_t
| #define HAVE_SYS_SELECT_H 1
| #define HAVE_SYS_SOCKET_H 1
| #define SELECT_TYPE_ARG1 int
| #define SELECT_TYPE_ARG234 (fd_set *)
| #define SELECT_TYPE_ARG5 (struct timeval *)
| #define RETSIGTYPE void
| #define HAVE_STRFTIME 1
| #define HAVE_VPRINTF 1
| #define HAVE_ATEXIT 1
| #define HAVE_MEMSET 1
| #define HAVE_SELECT 1
| #define HAVE_STRCHR 1
| #define HAVE_STRERROR 1
| #define HAVE_STRTOL 1
| #define HAVE_STRTOLL 1
| #define HAVE_USLEEP 1
| #define HAVE_CLOCK_GETTIME 1
| #define HAVE_SCHED_SETSCHEDULER 1
| #define HAVE_SCHED_YIELD 1
| #define HAVE_MLOCKALL 1
| #define HAVE_SETITIMER 1
| #define HAVE_NANOSLEEP 1
| #define HAVE_CLOCK_NANOSLEEP 1
| #define HAVE_FREOPEN 1
| #define HAVE_SNPRINTF 1
| #define HAVE_INET_PTON 1
| #define HAVE_INET_NTOP 1
| #define HAVE_GETTIMEOFDAY 1
| #define HAVE_DECL_ENOBUFS 1
| #define HAVE_DECL_EWOULDBLOCK 1
| #define HAVE_DECL_PTHREAD_CANCEL 1
| #define HAVE_DECL_CPU_SET 1
| #define HAVE_DECL_SIGALRM 1
| #define HAVE_DECL_AF_INET6 1
| #define HAVE_DECL_SO_TIMESTAMP 1
| #define HAVE_DECL_SO_SNDTIMEO 1
| #define HAVE_DECL_SO_REUSEPORT 1
| #define HAVE_DECL_SO_BINDTODEVICE 1
| #define HAVE_DECL_MSG_DONTWAIT 1
| #define HAVE_DECL_SO_MAX_PACING_RATE 1
| #define HAVE_DECL_SO_DONTROUTE 1
| #define HAVE_DECL_IPV6_TCLASS 1
| #define HAVE_DECL_IP_MULTICAST_ALL 1
| #define HAVE_DECL_IP_TOS 1
| #define HAVE_DECL_MCAST_JOIN_GROUP 1
| #define HAVE_DECL_MCAST_JOIN_SOURCE_GROUP 1
| #define HAVE_DECL_IPV6_JOIN_GROUP 1
| #define HAVE_DECL_IPV6_V6ONLY 1
| #define HAVE_DECL_IPV6_ADD_MEMBERSHIP 1
| #define HAVE_DECL_IPV6_MULTICAST_HOPS 1
| #define HAVE_DECL_MSG_PEEK 1
| #define HAVE_DECL_MSG_WAITALL 1
| #define HAVE_DECL_TCP_NODELAY 1
| #define HAVE_DECL_TCP_INFO 1
| #define HAVE_DECL_TCP_CONNECTION_INFO 0
| #define HAVE_DECL_TCP_WINDOW_CLAMP 1
| #define HAVE_DECL_TCP_NOTSENT_LOWAT 1
| #define HAVE_DECL_IP_ADD_MEMBERSHIP 1
| #define HAVE_DECL_IP_ADD_SOURCE_MEMBERSHIP 1
| #define HAVE_STRUCT_SOCKADDR_STORAGE 1
| #define HAVE_STRUCT_SOCKADDR_IN6 1
| #define HAVE_STRUCT_GROUP_SOURCE_REQ 1
| /* end confdefs.h.  */
| 
| #ifdef HAVE_WINSOCK2_H
| #define _WIN32_WINNT 0x0501 /* use (at least) WinXP API */
| #define WIN32_LEAN_AND_MEAN /* exclude unnecesary headers */
| #include <windows.h>
| #include <winsock2.h>
| #include <ws2tcpip.h>
| #else
| #include <sys/socket.h>
| #include <netinet/in.h>
| #include <netinet/tcp.h>
| #endif
| 
| 
| int
| main ()
| {
| if (sizeof ((struct ip_mreq)))
| 	    return 0;
|   ;
|   return 0;
| }
configure:8306: result: yes
configure:8316: checking for struct ipv6_mreq
configure:8316: gcc -c  -O2   conftest.c >&5
configure:8316: $? = 0
configure:8316: gcc -c  -O2   conftest.c >&5
conftest.c: In function 'main':
conftest.c:136:31: error: expected expression before ')' token
  136 | if (sizeof ((struct ipv6_mreq)))
      |                               ^
configure:8316: $? = 1
configure: failed program was:
| /* confdefs.h */
| #define PACKAGE_NAME "Iperf"
| #define PACKAGE_TARNAME "iperf"
| #define PACKAGE_VERSION "2.1.6"
| #define PACKAGE_STRING "Iperf 2.1.6"
| #define PACKAGE_BUGREPORT ""
| #define PACKAGE_URL ""
| #define PACKAGE "iperf"
| #define VERSION "2.1.6"
| #define HAVE_AF_PACKET 1
| #define HAVE_DECL_IFF_TUN 1
| #define HAVE_TUNTAP_TUN 1
| #define HAVE_DECL_IFF_TAP 1
| #define HAVE_TUNTAP_TAP 1
| #define HAVE_LIBRT 1
| #define HAVE_PTHREAD_PRIO_INHERIT 1
| #define HAVE_PTHREAD 1
| #define HAVE_POSIX_THREAD 1
| #define _REENTRANT 1
| #define STDC_HEADERS 1
| #define HAVE_SYS_TYPES_H 1
| #define HAVE_SYS_STAT_H 1
| #define HAVE_STDLIB_H 1
| #define HAVE_STRING_H 1
| #define HAVE_MEMORY_H 1
| #define HAVE_STRINGS_H 1
| #define HAVE_INTTYPES_H 1
| #define HAVE_STDINT_H 1
| #define HAVE_UNISTD_H 1
| #define HAVE_ARPA_INET_H 1
| #define HAVE_LIBINTL_H 1
| #define HAVE_NET_ETHERNET_H 1
| #define HAVE_NET_IF_H 1
| #define HAVE_LINUX_IP_H 1
| #define HAVE_LINUX_UDP_H 1
| #define HAVE_LINUX_IF_PACKET_H 1
| #define HAVE_LINUX_FILTER_H 1
| #define HAVE_LINUX_IF_TUN_H 1
| #define HAVE_NETDB_H 1
| #define HAVE_NETINET_IN_H 1
| #define HAVE_NETINET_TCP_H 1
| #define HAVE_STDLIB_H 1
| #define HAVE_STRING_H 1
| #define HAVE_STRINGS_H 1
| #define HAVE_SYS_SOCKET_H 1
| #define HAVE_SYS_TIME_H 1
| #define HAVE_SYSLOG_H 1
| #define HAVE_UNISTD_H 1
| #define HAVE_SIGNAL_H 1
| #define HAVE_IFADDRS_H 1
| #define HAVE_SSIZE_T 1
| #define TIME_WITH_SYS_TIME 1
| #define HAVE_INT64_T 1
| #define Socklen_t socklen_t
| #define HAVE_SYS_SELECT_H 1
| #define HAVE_SYS_SOCKET_H 1
| #define SELECT_TYPE_ARG1 int
| #define SELECT_TYPE_ARG234 (fd_set *)
| #define SELECT_TYPE_ARG5 (struct timeval *)
| #define RETSIGTYPE void
| #define HAVE_STRFTIME 1
| #define HAVE_VPRINTF 1
| #define HAVE_ATEXIT 1
| #define HAVE_MEMSET 1
| #define HAVE_SELECT 1
| #define HAVE_STRCHR 1
| #define HAVE_STRERROR 1
| #define HAVE_STRTOL 1
| #define HAVE_STRTOLL 1
| #define HAVE_USLEEP 1
| #define HAVE_CLOCK_GETTIME 1
| #define HAVE_SCHED_SETSCHEDULER 1
| #define HAVE_SCHED_YIELD 1
| #define HAVE_MLOCKALL 1
| #define HAVE_SETITIMER 1
| #define HAVE_NANOSLEEP 1
| #define HAVE_CLOCK_NANOSLEEP 1
| #define HAVE_FREOPEN 1
| #define HAVE_SNPRINTF 1
| #define HAVE_INET_PTON 1
| #define HAVE_INET_NTOP 1
| #define HAVE_GETTIMEOFDAY 1
| #define HAVE_DECL_ENOBUFS 1
| #define HAVE_DECL_EWOULDBLOCK 1
| #define HAVE_DECL_PTHREAD_CANCEL 1
| #define HAVE_DECL_CPU_SET 1
| #define HAVE_DECL_SIGALRM 1
| #define HAVE_DECL_AF_INET6 1
| #define HAVE_DECL_SO_TIMESTAMP 1
| #define HAVE_DECL_SO_SNDTIMEO 1
| #define HAVE_DECL_SO_REUSEPORT 1
| #define HAVE_DECL_SO_BINDTODEVICE 1
| #define HAVE_DECL_MSG_DONTWAIT 1
| #define HAVE_DECL_SO_MAX_PACING_RATE 1
| #define HAVE_DECL_SO_DONTROUTE 1
| #define HAVE_DECL_IPV6_TCLASS 1
| #define HAVE_DECL_IP_MULTICAST_ALL 1
| #define HAVE_DECL_IP_TOS 1
| #define HAVE_DECL_MCAST_JOIN_GROUP 1
| #define HAVE_DECL_MCAST_JOIN_SOURCE_GROUP 1
| #define HAVE_DECL_IPV6_JOIN_GROUP 1
| #define HAVE_DECL_IPV6_V6ONLY 1
| #define HAVE_DECL_IPV6_ADD_MEMBERSHIP 1
| #define HAVE_DECL_IPV6_MULTICAST_HOPS 1
| #define HAVE_DECL_MSG_PEEK 1
| #define HAVE_DECL_MSG_WAITALL 1
| #define HAVE_DECL_TCP_NODELAY 1
| #define HAVE_DECL_TCP_INFO 1
| #define HAVE_DECL_TCP_CONNECTION_INFO 0
| #define HAVE_DECL_TCP_WINDOW_CLAMP 1
| #define HAVE_DECL_TCP_NOTSENT_LOWAT 1
| #define HAVE_DECL_IP_ADD_MEMBERSHIP 1
| #define HAVE_DECL_IP_ADD_SOURCE_MEMBERSHIP 1
| #define HAVE_STRUCT_SOCKADDR_STORAGE 1
| #define HAVE_STRUCT_SOCKADDR_IN6 1
| #define HAVE_STRUCT_GROUP_SOURCE_REQ 1
| #define HAVE_STRUCT_IP_MREQ 1
| /* end confdefs.h.  */
| 
| #ifdef HAVE_WINSOCK2_H
| #define _WIN32_WINNT 0x0501 /* use (at least) WinXP API */
| #define WIN32_LEAN_AND_MEAN /* exclude unnecesary headers */
| #include <windows.h>
| #include <winsock2.h>
| #include <ws2tcpip.h>
| #else
| #include <sys/socket.h>
| #include <netinet/in.h>
| #include <netinet/tcp.h>
| #endif
| 
| 
| int
| main ()
| {
| if (sizeof ((struct ipv6_mreq)))
| 	    return 0;
|   ;
|   return 0;
| }
configure:8316: result: yes
configure:8326: checking for struct ip_mreq_source
configure:8326: gcc -c  -O2   conftest.c >&5
configure:8326: $? = 0
configure:8326: gcc -c  -O2   conftest.c >&5
conftest.c: In function 'main':
conftest.c:137:36: error: expected expression before ')' token
  137 | if (sizeof ((struct ip_mreq_source)))
      |                                    ^
configure:8326: $? = 1
configure: failed program was:
| /* confdefs.h */
| #define PACKAGE_NAME "Iperf"
| #define PACKAGE_TARNAME "iperf"
| #define PACKAGE_VERSION "2.1.6"
| #define PACKAGE_STRING "Iperf 2.1.6"
| #define PACKAGE_BUGREPORT ""
| #define PACKAGE_URL ""
| #define PACKAGE "iperf"
| #define VERSION "2.1.6"
| #define HAVE_AF_PACKET 1
| #define HAVE_DECL_IFF_TUN 1
| #define HAVE_TUNTAP_TUN 1
| #define HAVE_DECL_IFF_TAP 1
| #define HAVE_TUNTAP_TAP 1
| #define HAVE_LIBRT 1
| #define HAVE_PTHREAD_PRIO_INHERIT 1
| #define HAVE_PTHREAD 1
| #define HAVE_POSIX_THREAD 1
| #define _REENTRANT 1
| #define STDC_HEADERS 1
| #define HAVE_SYS_TYPES_H 1
| #define HAVE_SYS_STAT_H 1
| #define HAVE_STDLIB_H 1
| #define HAVE_STRING_H 1
| #define HAVE_MEMORY_H 1
| #define HAVE_STRINGS_H 1
| #define HAVE_INTTYPES_H 1
| #define HAVE_STDINT_H 1
| #define HAVE_UNISTD_H 1
| #define HAVE_ARPA_INET_H 1
| #define HAVE_LIBINTL_H 1
| #define HAVE_NET_ETHERNET_H 1
| #define HAVE_NET_IF_H 1
| #define HAVE_LINUX_IP_H 1
| #define HAVE_LINUX_UDP_H 1
| #define HAVE_LINUX_IF_PACKET_H 1
| #define HAVE_LINUX_FILTER_H 1
| #define HAVE_LINUX_IF_TUN_H 1
| #define HAVE_NETDB_H 1
| #define HAVE_NETINET_IN_H 1
| #define HAVE_NETINET_TCP_H 1
| #define HAVE_STDLIB_H 1
| #define HAVE_STRING_H 1
| #define HAVE_STRINGS_H 1
| #define HAVE_SYS_SOCKET_H 1
| #define HAVE_SYS_TIME_H 1
| #define HAVE_SYSLOG_H 1
| #define HAVE_UNISTD_H 1
| #define HAVE_SIGNAL_H 1
| #define HAVE_IFADDRS_H 1
| #define HAVE_SSIZE_T 1
| #define TIME_WITH_SYS_TIME 1
| #define HAVE_INT64_T 1
| #define Socklen_t socklen_t
| #define HAVE_SYS_SELECT_H 1
| #define HAVE_SYS_SOCKET_H 1
| #define SELECT_TYPE_ARG1 int
| #define SELECT_TYPE_ARG234 (fd_set *)
| #define SELECT_TYPE_ARG5 (struct timeval *)
| #define RETSIGTYPE void
| #define HAVE_STRFTIME 1
| #define HAVE_VPRINTF 1
| #define HAVE_ATEXIT 1
| #define HAVE_MEMSET 1
| #define HAVE_SELECT 1
| #define HAVE_STRCHR 1
| #define HAVE_STRERROR 1
| #define HAVE_STRTOL 1
| #define HAVE_STRTOLL 1
| #define HAVE_USLEEP 1
| #define HAVE_CLOCK_GETTIME 1
| #define HAVE_SCHED_SETSCHEDULER 1
| #define HAVE_SCHED_YIELD 1
| #define HAVE_MLOCKALL 1
| #define HAVE_SETITIMER 1
| #define HAVE_NANOSLEEP 1
| #define HAVE_CLOCK_NANOSLEEP 1
| #define HAVE_FREOPEN 1
| #define HAVE_SNPRINTF 1
| #define HAVE_INET_PTON 1
| #define HAVE_INET_NTOP 1
| #define HAVE_GETTIMEOFDAY 1
| #define HAVE_DECL_ENOBUFS 1
| #define HAVE_DECL_EWOULDBLOCK 1
| #define HAVE_DECL_PTHREAD_CANCEL 1
| #define HAVE_DECL_CPU_SET 1
| #define HAVE_DECL_SIGALRM 1
| #define HAVE_DECL_AF_INET6 1
| #define HAVE_DECL_SO_TIMESTAMP 1
| #define HAVE_DECL_SO_SNDTIMEO 1
| #define HAVE_DECL_SO_REUSEPORT 1
| #define HAVE_DECL_SO_BINDTODEVICE 1
| #define HAVE_DECL_MSG_DONTWAIT 1
| #define HAVE_DECL_SO_MAX_PACING_RATE 1
| #define HAVE_DECL_SO_DONTROUTE 1
| #define HAVE_DECL_IPV6_TCLASS 1
| #define HAVE_DECL_IP_MULTICAST_ALL 1
| #define HAVE_DECL_IP_TOS 1
| #define HAVE_DECL_MCAST_JOIN_GROUP 1
| #define HAVE_DECL_MCAST_JOIN_SOURCE_GROUP 1
| #define HAVE_DECL_IPV6_JOIN_GROUP 1
| #define HAVE_DECL_IPV6_V6ONLY 1
| #define HAVE_DECL_IPV6_ADD_MEMBERSHIP 1
| #define HAVE_DECL_IPV6_MULTICAST_HOPS 1
| #define HAVE_DECL_MSG_PEEK 1
| #define HAVE_DECL_MSG_WAITALL 1
| #define HAVE_DECL_TCP_NODELAY 1
| #define HAVE_DECL_TCP_INFO 1
| #define HAVE_DECL_TCP_CONNECTION_INFO 0
| #define HAVE_DECL_TCP_WINDOW_CLAMP 1
| #define HAVE_DECL_TCP_NOTSENT_LOWAT 1
| #define HAVE_DECL_IP_ADD_MEMBERSHIP 1
| #define HAVE_DECL_IP_ADD_SOURCE_MEMBERSHIP 1
| #define HAVE_STRUCT_SOCKADDR_STORAGE 1
| #define HAVE_STRUCT_SOCKADDR_IN6 1
| #define HAVE_STRUCT_GROUP_SOURCE_REQ 1
| #define HAVE_STRUCT_IP_MREQ 1
| #define HAVE_STRUCT_IPV6_MREQ 1
| /* end confdefs.h.  */
| 
| #ifdef HAVE_WINSOCK2_H
| #define _WIN32_WINNT 0x0501 /* use (at least) WinXP API */
| #define WIN32_LEAN_AND_MEAN /* exclude unnecesary headers */
| #include <windows.h>
| #include <winsock2.h>
| #include <ws2tcpip.h>
| #else
| #include <sys/socket.h>
| #include <netinet/in.h>
| #include <netinet/tcp.h>
| #endif
| 
| 
| int
| main ()
| {
| if (sizeof ((struct ip_mreq_source)))
| 	    return 0;
|   ;
|   return 0;
| }
configure:8326: result: yes
configure:8338: checking for struct sockaddr_in6.sin6_len
configure:8338: gcc -c  -O2   conftest.c >&5
conftest.c: In function 'main':
conftest.c:139:12: error: 'struct sockaddr_in6' has no member named 'sin6_len'
  139 | if (ac_aggr.sin6_len)
      |            ^
configure:8338: $? = 1
configure: failed program was:
| /* confdefs.h */
| #define PACKAGE_NAME "Iperf"
| #define PACKAGE_TARNAME "iperf"
| #define PACKAGE_VERSION "2.1.6"
| #define PACKAGE_STRING "Iperf 2.1.6"
| #define PACKAGE_BUGREPORT ""
| #define PACKAGE_URL ""
| #define PACKAGE "iperf"
| #define VERSION "2.1.6"
| #define HAVE_AF_PACKET 1
| #define HAVE_DECL_IFF_TUN 1
| #define HAVE_TUNTAP_TUN 1
| #define HAVE_DECL_IFF_TAP 1
| #define HAVE_TUNTAP_TAP 1
| #define HAVE_LIBRT 1
| #define HAVE_PTHREAD_PRIO_INHERIT 1
| #define HAVE_PTHREAD 1
| #define HAVE_POSIX_THREAD 1
| #define _REENTRANT 1
| #define STDC_HEADERS 1
| #define HAVE_SYS_TYPES_H 1
| #define HAVE_SYS_STAT_H 1
| #define HAVE_STDLIB_H 1
| #define HAVE_STRING_H 1
| #define HAVE_MEMORY_H 1
| #define HAVE_STRINGS_H 1
| #define HAVE_INTTYPES_H 1
| #define HAVE_STDINT_H 1
| #define HAVE_UNISTD_H 1
| #define HAVE_ARPA_INET_H 1
| #define HAVE_LIBINTL_H 1
| #define HAVE_NET_ETHERNET_H 1
| #define HAVE_NET_IF_H 1
| #define HAVE_LINUX_IP_H 1
| #define HAVE_LINUX_UDP_H 1
| #define HAVE_LINUX_IF_PACKET_H 1
| #define HAVE_LINUX_FILTER_H 1
| #define HAVE_LINUX_IF_TUN_H 1
| #define HAVE_NETDB_H 1
| #define HAVE_NETINET_IN_H 1
| #define HAVE_NETINET_TCP_H 1
| #define HAVE_STDLIB_H 1
| #define HAVE_STRING_H 1
| #define HAVE_STRINGS_H 1
| #define HAVE_SYS_SOCKET_H 1
| #define HAVE_SYS_TIME_H 1
| #define HAVE_SYSLOG_H 1
| #define HAVE_UNISTD_H 1
| #define HAVE_SIGNAL_H 1
| #define HAVE_IFADDRS_H 1
| #define HAVE_SSIZE_T 1
| #define TIME_WITH_SYS_TIME 1
| #define HAVE_INT64_T 1
| #define Socklen_t socklen_t
| #define HAVE_SYS_SELECT_H 1
| #define HAVE_SYS_SOCKET_H 1
| #define SELECT_TYPE_ARG1 int
| #define SELECT_TYPE_ARG234 (fd_set *)
| #define SELECT_TYPE_ARG5 (struct timeval *)
| #define RETSIGTYPE void
| #define HAVE_STRFTIME 1
| #define HAVE_VPRINTF 1
| #define HAVE_ATEXIT 1
| #define HAVE_MEMSET 1
| #define HAVE_SELECT 1
| #define HAVE_STRCHR 1
| #define HAVE_STRERROR 1
| #define HAVE_STRTOL 1
| #define HAVE_STRTOLL 1
| #define HAVE_USLEEP 1
| #define HAVE_CLOCK_GETTIME 1
| #define HAVE_SCHED_SETSCHEDULER 1
| #define HAVE_SCHED_YIELD 1
| #define HAVE_MLOCKALL 1
| #define HAVE_SETITIMER 1
| #define HAVE_NANOSLEEP 1
| #define HAVE_CLOCK_NANOSLEEP 1
| #define HAVE_FREOPEN 1
| #define HAVE_SNPRINTF 1
| #define HAVE_INET_PTON 1
| #define HAVE_INET_NTOP 1
| #define HAVE_GETTIMEOFDAY 1
| #define HAVE_DECL_ENOBUFS 1
| #define HAVE_DECL_EWOULDBLOCK 1
| #define HAVE_DECL_PTHREAD_CANCEL 1
| #define HAVE_DECL_CPU_SET 1
| #define HAVE_DECL_SIGALRM 1
| #define HAVE_DECL_AF_INET6 1
| #define HAVE_DECL_SO_TIMESTAMP 1
| #define HAVE_DECL_SO_SNDTIMEO 1
| #define HAVE_DECL_SO_REUSEPORT 1
| #define HAVE_DECL_SO_BINDTODEVICE 1
| #define HAVE_DECL_MSG_DONTWAIT 1
| #define HAVE_DECL_SO_MAX_PACING_RATE 1
| #define HAVE_DECL_SO_DONTROUTE 1
| #define HAVE_DECL_IPV6_TCLASS 1
| #define HAVE_DECL_IP_MULTICAST_ALL 1
| #define HAVE_DECL_IP_TOS 1
| #define HAVE_DECL_MCAST_JOIN_GROUP 1
| #define HAVE_DECL_MCAST_JOIN_SOURCE_GROUP 1
| #define HAVE_DECL_IPV6_JOIN_GROUP 1
| #define HAVE_DECL_IPV6_V6ONLY 1
| #define HAVE_DECL_IPV6_ADD_MEMBERSHIP 1
| #define HAVE_DECL_IPV6_MULTICAST_HOPS 1
| #define HAVE_DECL_MSG_PEEK 1
| #define HAVE_DECL_MSG_WAITALL 1
| #define HAVE_DECL_TCP_NODELAY 1
| #define HAVE_DECL_TCP_INFO 1
| #define HAVE_DECL_TCP_CONNECTION_INFO 0
| #define HAVE_DECL_TCP_WINDOW_CLAMP 1
| #define HAVE_DECL_TCP_NOTSENT_LOWAT 1
| #define HAVE_DECL_IP_ADD_MEMBERSHIP 1
| #define HAVE_DECL_IP_ADD_SOURCE_MEMBERSHIP 1
| #define HAVE_STRUCT_SOCKADDR_STORAGE 1
| #define HAVE_STRUCT_SOCKADDR_IN6 1
| #define HAVE_STRUCT_GROUP_SOURCE_REQ 1
| #define HAVE_STRUCT_IP_MREQ 1
| #define HAVE_STRUCT_IPV6_MREQ 1
| #define HAVE_STRUCT_IP_MREQ_SOURCE 1
| /* end confdefs.h.  */
| 
| #ifdef HAVE_WINSOCK2_H
| #define _WIN32_WINNT 0x0501 /* use (at least) WinXP API */
| #define WIN32_LEAN_AND_MEAN /* exclude unnecesary headers */
| #include <windows.h>
| #include <winsock2.h>
| #include <ws2tcpip.h>
| #else
| #include <sys/socket.h>
| #include <netinet/in.h>
| #include <netinet/tcp.h>
| #endif
| 
| 
| int
| main ()
| {
| static struct sockaddr_in6 ac_aggr;
| if (ac_aggr.sin6_len)
| return 0;
|   ;
|   return 0;
| }
configure:8338: gcc -c  -O2   conftest.c >&5
conftest.c: In function 'main':
conftest.c:139:19: error: 'struct sockaddr_in6' has no member named 'sin6_len'
  139 | if (sizeof ac_aggr.sin6_len)
      |                   ^
configure:8338: $? = 1
configure: failed program was:
| /* confdefs.h */
| #define PACKAGE_NAME "Iperf"
| #define PACKAGE_TARNAME "iperf"
| #define PACKAGE_VERSION "2.1.6"
| #define PACKAGE_STRING "Iperf 2.1.6"
| #define PACKAGE_BUGREPORT ""
| #define PACKAGE_URL ""
| #define PACKAGE "iperf"
| #define VERSION "2.1.6"
| #define HAVE_AF_PACKET 1
| #define HAVE_DECL_IFF_TUN 1
| #define HAVE_TUNTAP_TUN 1
| #define HAVE_DECL_IFF_TAP 1
| #define HAVE_TUNTAP_TAP 1
| #define HAVE_LIBRT 1
| #define HAVE_PTHREAD_PRIO_INHERIT 1
| #define HAVE_PTHREAD 1
| #define HAVE_POSIX_THREAD 1
| #define _REENTRANT 1
| #define STDC_HEADERS 1
| #define HAVE_SYS_TYPES_H 1
| #define HAVE_SYS_STAT_H 1
| #define HAVE_STDLIB_H 1
| #define HAVE_STRING_H 1
| #define HAVE_MEMORY_H 1
| #define HAVE_STRINGS_H 1
| #define HAVE_INTTYPES_H 1
| #define HAVE_STDINT_H 1
| #define HAVE_UNISTD_H 1
| #define HAVE_ARPA_INET_H 1
| #define HAVE_LIBINTL_H 1
| #define HAVE_NET_ETHERNET_H 1
| #define HAVE_NET_IF_H 1
| #define HAVE_LINUX_IP_H 1
| #define HAVE_LINUX_UDP_H 1
| #define HAVE_LINUX_IF_PACKET_H 1
| #define HAVE_LINUX_FILTER_H 1
| #define HAVE_LINUX_IF_TUN_H 1
| #define HAVE_NETDB_H 1
| #define HAVE_NETINET_IN_H 1
| #define HAVE_NETINET_TCP_H 1
| #define HAVE_STDLIB_H 1
| #define HAVE_STRING_H 1
| #define HAVE_STRINGS_H 1
| #define HAVE_SYS_SOCKET_H 1
| #define HAVE_SYS_TIME_H 1
| #define HAVE_SYSLOG_H 1
| #define HAVE_UNISTD_H 1
| #define HAVE_SIGNAL_H 1
| #define HAVE_IFADDRS_H 1
| #define HAVE_SSIZE_T 1
| #define TIME_WITH_SYS_TIME 1
| #define HAVE_INT64_T 1
| #define Socklen_t socklen_t
| #define HAVE_SYS_SELECT_H 1
| #define HAVE_SYS_SOCKET_H 1
| #define SELECT_TYPE_ARG1 int
| #define SELECT_TYPE_ARG234 (fd_set *)
| #define SELECT_TYPE_ARG5 (struct timeval *)
| #define RETSIGTYPE void
| #define HAVE_STRFTIME 1
| #define HAVE_VPRINTF 1
| #define HAVE_ATEXIT 1
| #define HAVE_MEMSET 1
| #define HAVE_SELECT 1
| #define HAVE_STRCHR 1
| #define HAVE_STRERROR 1
| #define HAVE_STRTOL 1
| #define HAVE_STRTOLL 1
| #define HAVE_USLEEP 1
| #define HAVE_CLOCK_GETTIME 1
| #define HAVE_SCHED_SETSCHEDULER 1
| #define HAVE_SCHED_YIELD 1
| #define HAVE_MLOCKALL 1
| #define HAVE_SETITIMER 1
| #define HAVE_NANOSLEEP 1
| #define HAVE_CLOCK_NANOSLEEP 1
| #define HAVE_FREOPEN 1
| #define HAVE_SNPRINTF 1
| #define HAVE_INET_PTON 1
| #define HAVE_INET_NTOP 1
| #define HAVE_GETTIMEOFDAY 1
| #define HAVE_DECL_ENOBUFS 1
| #define HAVE_DECL_EWOULDBLOCK 1
| #define HAVE_DECL_PTHREAD_CANCEL 1
| #define HAVE_DECL_CPU_SET 1
| #define HAVE_DECL_SIGALRM 1
| #define HAVE_DECL_AF_INET6 1
| #define HAVE_DECL_SO_TIMESTAMP 1
| #define HAVE_DECL_SO_SNDTIMEO 1
| #define HAVE_DECL_SO_REUSEPORT 1
| #define HAVE_DECL_SO_BINDTODEVICE 1
| #define HAVE_DECL_MSG_DONTWAIT 1
| #define HAVE_DECL_SO_MAX_PACING_RATE 1
| #define HAVE_DECL_SO_DONTROUTE 1
| #define HAVE_DECL_IPV6_TCLASS 1
| #define HAVE_DECL_IP_MULTICAST_ALL 1
| #define HAVE_DECL_IP_TOS 1
| #define HAVE_DECL_MCAST_JOIN_GROUP 1
| #define HAVE_DECL_MCAST_JOIN_SOURCE_GROUP 1
| #define HAVE_DECL_IPV6_JOIN_GROUP 1
| #define HAVE_DECL_IPV6_V6ONLY 1
| #define HAVE_DECL_IPV6_ADD_MEMBERSHIP 1
| #define HAVE_DECL_IPV6_MULTICAST_HOPS 1
| #define HAVE_DECL_MSG_PEEK 1
| #define HAVE_DECL_MSG_WAITALL 1
| #define HAVE_DECL_TCP_NODELAY 1
| #define HAVE_DECL_TCP_INFO 1
| #define HAVE_DECL_TCP_CONNECTION_INFO 0
| #define HAVE_DECL_TCP_WINDOW_CLAMP 1
| #define HAVE_DECL_TCP_NOTSENT_LOWAT 1
| #define HAVE_DECL_IP_ADD_MEMBERSHIP 1
| #define HAVE_DECL_IP_ADD_SOURCE_MEMBERSHIP 1
| #define HAVE_STRUCT_SOCKADDR_STORAGE 1
| #define HAVE_STRUCT_SOCKADDR_IN6 1
| #define HAVE_STRUCT_GROUP_SOURCE_REQ 1
| #define HAVE_STRUCT_IP_MREQ 1
| #define HAVE_STRUCT_IPV6_MREQ 1
| #define HAVE_STRUCT_IP_MREQ_SOURCE 1
| /* end confdefs.h.  */
| 
| #ifdef HAVE_WINSOCK2_H
| #define _WIN32_WINNT 0x0501 /* use (at least) WinXP API */
| #define WIN32_LEAN_AND_MEAN /* exclude unnecesary headers */
| #include <windows.h>
| #include <winsock2.h>
| #include <ws2tcpip.h>
| #else
| #include <sys/socket.h>
| #include <netinet/in.h>
| #include <netinet/tcp.h>
| #endif
| 
| 
| int
| main ()
| {
| static struct sockaddr_in6 ac_aggr;
| if (sizeof ac_aggr.sin6_len)
| return 0;
|   ;
|   return 0;
| }
configure:8338: result: no
configure:8348: checking for struct ip_mreq_source.imr_multiaddr.s_addr
configure:8348: gcc -c  -O2   conftest.c >&5
configure:8348: $? = 0
configure:8348: result: yes
configure:8360: checking for struct tcp_info.tcpi_total_retrans
configure:8360: gcc -c  -O2   conftest.c >&5
configure:8360: $? = 0
configure:8360: result: yes
configure:8370: checking for struct tcp_info.tcpi_total_retrans
configure:8370: result: yes
configure:8386: checking for stdbool.h that conforms to C99
configure:8453: gcc -c  -O2   conftest.c >&5
configure:8453: $? = 0
configure:8460: result: yes
configure:8462: checking for _Bool
configure:8462: gcc -c  -O2   conftest.c >&5
configure:8462: $? = 0
configure:8462: gcc -c  -O2   conftest.c >&5
conftest.c: In function 'main':
conftest.c:159:20: error: expected expression before ')' token
  159 | if (sizeof ((_Bool)))
      |                    ^
configure:8462: $? = 1
configure: failed program was:
| /* confdefs.h */
| #define PACKAGE_NAME "Iperf"
| #define PACKAGE_TARNAME "iperf"
| #define PACKAGE_VERSION "2.1.6"
| #define PACKAGE_STRING "Iperf 2.1.6"
| #define PACKAGE_BUGREPORT ""
| #define PACKAGE_URL ""
| #define PACKAGE "iperf"
| #define VERSION "2.1.6"
| #define HAVE_AF_PACKET 1
| #define HAVE_DECL_IFF_TUN 1
| #define HAVE_TUNTAP_TUN 1
| #define HAVE_DECL_IFF_TAP 1
| #define HAVE_TUNTAP_TAP 1
| #define HAVE_LIBRT 1
| #define HAVE_PTHREAD_PRIO_INHERIT 1
| #define HAVE_PTHREAD 1
| #define HAVE_POSIX_THREAD 1
| #define _REENTRANT 1
| #define STDC_HEADERS 1
| #define HAVE_SYS_TYPES_H 1
| #define HAVE_SYS_STAT_H 1
| #define HAVE_STDLIB_H 1
| #define HAVE_STRING_H 1
| #define HAVE_MEMORY_H 1
| #define HAVE_STRINGS_H 1
| #define HAVE_INTTYPES_H 1
| #define HAVE_STDINT_H 1
| #define HAVE_UNISTD_H 1
| #define HAVE_ARPA_INET_H 1
| #define HAVE_LIBINTL_H 1
| #define HAVE_NET_ETHERNET_H 1
| #define HAVE_NET_IF_H 1
| #define HAVE_LINUX_IP_H 1
| #define HAVE_LINUX_UDP_H 1
| #define HAVE_LINUX_IF_PACKET_H 1
| #define HAVE_LINUX_FILTER_H 1
| #define HAVE_LINUX_IF_TUN_H 1
| #define HAVE_NETDB_H 1
| #define HAVE_NETINET_IN_H 1
| #define HAVE_NETINET_TCP_H 1
| #define HAVE_STDLIB_H 1
| #define HAVE_STRING_H 1
| #define HAVE_STRINGS_H 1
| #define HAVE_SYS_SOCKET_H 1
| #define HAVE_SYS_TIME_H 1
| #define HAVE_SYSLOG_H 1
| #define HAVE_UNISTD_H 1
| #define HAVE_SIGNAL_H 1
| #define HAVE_IFADDRS_H 1
| #define HAVE_SSIZE_T 1
| #define TIME_WITH_SYS_TIME 1
| #define HAVE_INT64_T 1
| #define Socklen_t socklen_t
| #define HAVE_SYS_SELECT_H 1
| #define HAVE_SYS_SOCKET_H 1
| #define SELECT_TYPE_ARG1 int
| #define SELECT_TYPE_ARG234 (fd_set *)
| #define SELECT_TYPE_ARG5 (struct timeval *)
| #define RETSIGTYPE void
| #define HAVE_STRFTIME 1
| #define HAVE_VPRINTF 1
| #define HAVE_ATEXIT 1
| #define HAVE_MEMSET 1
| #define HAVE_SELECT 1
| #define HAVE_STRCHR 1
| #define HAVE_STRERROR 1
| #define HAVE_STRTOL 1
| #define HAVE_STRTOLL 1
| #define HAVE_USLEEP 1
| #define HAVE_CLOCK_GETTIME 1
| #define HAVE_SCHED_SETSCHEDULER 1
| #define HAVE_SCHED_YIELD 1
| #define HAVE_MLOCKALL 1
| #define HAVE_SETITIMER 1
| #define HAVE_NANOSLEEP 1
| #define HAVE_CLOCK_NANOSLEEP 1
| #define HAVE_FREOPEN 1
| #define HAVE_SNPRINTF 1
| #define HAVE_INET_PTON 1
| #define HAVE_INET_NTOP 1
| #define HAVE_GETTIMEOFDAY 1
| #define HAVE_DECL_ENOBUFS 1
| #define HAVE_DECL_EWOULDBLOCK 1
| #define HAVE_DECL_PTHREAD_CANCEL 1
| #define HAVE_DECL_CPU_SET 1
| #define HAVE_DECL_SIGALRM 1
| #define HAVE_DECL_AF_INET6 1
| #define HAVE_DECL_SO_TIMESTAMP 1
| #define HAVE_DECL_SO_SNDTIMEO 1
| #define HAVE_DECL_SO_REUSEPORT 1
| #define HAVE_DECL_SO_BINDTODEVICE 1
| #define HAVE_DECL_MSG_DONTWAIT 1
| #define HAVE_DECL_SO_MAX_PACING_RATE 1
| #define HAVE_DECL_SO_DONTROUTE 1
| #define HAVE_DECL_IPV6_TCLASS 1
| #define HAVE_DECL_IP_MULTICAST_ALL 1
| #define HAVE_DECL_IP_TOS 1
| #define HAVE_DECL_MCAST_JOIN_GROUP 1
| #define HAVE_DECL_MCAST_JOIN_SOURCE_GROUP 1
| #define HAVE_DECL_IPV6_JOIN_GROUP 1
| #define HAVE_DECL_IPV6_V6ONLY 1
| #define HAVE_DECL_IPV6_ADD_MEMBERSHIP 1
| #define HAVE_DECL_IPV6_MULTICAST_HOPS 1
| #define HAVE_DECL_MSG_PEEK 1
| #define HAVE_DECL_MSG_WAITALL 1
| #define HAVE_DECL_TCP_NODELAY 1
| #define HAVE_DECL_TCP_INFO 1
| #define HAVE_DECL_TCP_CONNECTION_INFO 0
| #define HAVE_DECL_TCP_WINDOW_CLAMP 1
| #define HAVE_DECL_TCP_NOTSENT_LOWAT 1
| #define HAVE_DECL_IP_ADD_MEMBERSHIP 1
| #define HAVE_DECL_IP_ADD_SOURCE_MEMBERSHIP 1
| #define HAVE_STRUCT_SOCKADDR_STORAGE 1
| #define HAVE_STRUCT_SOCKADDR_IN6 1
| #define HAVE_STRUCT_GROUP_SOURCE_REQ 1
| #define HAVE_STRUCT_IP_MREQ 1
| #define HAVE_STRUCT_IPV6_MREQ 1
| #define HAVE_STRUCT_IP_MREQ_SOURCE 1
| #define HAVE_STRUCT_IP_MREQ_SOURCE_IMR_MULTIADDR_S_ADDR 1
| #define HAVE_STRUCT_TCP_INFO_TCPI_TOTAL_RETRANS 1
| /* end confdefs.h.  */
| #include <stdio.h>
| #ifdef HAVE_SYS_TYPES_H
| # include <sys/types.h>
| #endif
| #ifdef HAVE_SYS_STAT_H
| # include <sys/stat.h>
| #endif
| #ifdef STDC_HEADERS
| # include <stdlib.h>
| # include <stddef.h>
| #else
| # ifdef HAVE_STDLIB_H
| #  include <stdlib.h>
| # endif
| #endif
| #ifdef HAVE_STRING_H
| # if !defined STDC_HEADERS && defined HAVE_MEMORY_H
| #  include <memory.h>
| # endif
| # include <string.h>
| #endif
| #ifdef HAVE_STRINGS_H
| # include <strings.h>
| #endif
| #ifdef HAVE_INTTYPES_H
| # include <inttypes.h>
| #endif
| #ifdef HAVE_STDINT_H
| # include <stdint.h>
| #endif
| #ifdef HAVE_UNISTD_H
| # include <unistd.h>
| #endif
| int
| main ()
| {
| if (sizeof ((_Bool)))
| 	    return 0;
|   ;
|   return 0;
| }
configure:8462: result: yes
configure:8480: checking whether byte ordering is bigendian
configure:8495: gcc -c  -O2   conftest.c >&5
conftest.c:126:16: error: unknown type name 'not'
  126 |                not a universal capable compiler
      |                ^~~
conftest.c:126:22: error: expected '=', ',', ';', 'asm' or '__attribute__' before 'universal'
  126 |                not a universal capable compiler
      |                      ^~~~~~~~~
conftest.c:126:22: error: unknown type name 'universal'
configure:8495: $? = 1
configure: failed program was:
| /* confdefs.h */
| #define PACKAGE_NAME "Iperf"
| #define PACKAGE_TARNAME "iperf"
| #define PACKAGE_VERSION "2.1.6"
| #define PACKAGE_STRING "Iperf 2.1.6"
| #define PACKAGE_BUGREPORT ""
| #define PACKAGE_URL ""
| #define PACKAGE "iperf"
| #define VERSION "2.1.6"
| #define HAVE_AF_PACKET 1
| #define HAVE_DECL_IFF_TUN 1
| #define HAVE_TUNTAP_TUN 1
| #define HAVE_DECL_IFF_TAP 1
| #define HAVE_TUNTAP_TAP 1
| #define HAVE_LIBRT 1
| #define HAVE_PTHREAD_PRIO_INHERIT 1
| #define HAVE_PTHREAD 1
| #define HAVE_POSIX_THREAD 1
| #define _REENTRANT 1
| #define STDC_HEADERS 1
| #define HAVE_SYS_TYPES_H 1
| #define HAVE_SYS_STAT_H 1
| #define HAVE_STDLIB_H 1
| #define HAVE_STRING_H 1
| #define HAVE_MEMORY_H 1
| #define HAVE_STRINGS_H 1
| #define HAVE_INTTYPES_H 1
| #define HAVE_STDINT_H 1
| #define HAVE_UNISTD_H 1
| #define HAVE_ARPA_INET_H 1
| #define HAVE_LIBINTL_H 1
| #define HAVE_NET_ETHERNET_H 1
| #define HAVE_NET_IF_H 1
| #define HAVE_LINUX_IP_H 1
| #define HAVE_LINUX_UDP_H 1
| #define HAVE_LINUX_IF_PACKET_H 1
| #define HAVE_LINUX_FILTER_H 1
| #define HAVE_LINUX_IF_TUN_H 1
| #define HAVE_NETDB_H 1
| #define HAVE_NETINET_IN_H 1
| #define HAVE_NETINET_TCP_H 1
| #define HAVE_STDLIB_H 1
| #define HAVE_STRING_H 1
| #define HAVE_STRINGS_H 1
| #define HAVE_SYS_SOCKET_H 1
| #define HAVE_SYS_TIME_H 1
| #define HAVE_SYSLOG_H 1
| #define HAVE_UNISTD_H 1
| #define HAVE_SIGNAL_H 1
| #define HAVE_IFADDRS_H 1
| #define HAVE_SSIZE_T 1
| #define TIME_WITH_SYS_TIME 1
| #define HAVE_INT64_T 1
| #define Socklen_t socklen_t
| #define HAVE_SYS_SELECT_H 1
| #define HAVE_SYS_SOCKET_H 1
| #define SELECT_TYPE_ARG1 int
| #define SELECT_TYPE_ARG234 (fd_set *)
| #define SELECT_TYPE_ARG5 (struct timeval *)
| #define RETSIGTYPE void
| #define HAVE_STRFTIME 1
| #define HAVE_VPRINTF 1
| #define HAVE_ATEXIT 1
| #define HAVE_MEMSET 1
| #define HAVE_SELECT 1
| #define HAVE_STRCHR 1
| #define HAVE_STRERROR 1
| #define HAVE_STRTOL 1
| #define HAVE_STRTOLL 1
| #define HAVE_USLEEP 1
| #define HAVE_CLOCK_GETTIME 1
| #define HAVE_SCHED_SETSCHEDULER 1
| #define HAVE_SCHED_YIELD 1
| #define HAVE_MLOCKALL 1
| #define HAVE_SETITIMER 1
| #define HAVE_NANOSLEEP 1
| #define HAVE_CLOCK_NANOSLEEP 1
| #define HAVE_FREOPEN 1
| #define HAVE_SNPRINTF 1
| #define HAVE_INET_PTON 1
| #define HAVE_INET_NTOP 1
| #define HAVE_GETTIMEOFDAY 1
| #define HAVE_DECL_ENOBUFS 1
| #define HAVE_DECL_EWOULDBLOCK 1
| #define HAVE_DECL_PTHREAD_CANCEL 1
| #define HAVE_DECL_CPU_SET 1
| #define HAVE_DECL_SIGALRM 1
| #define HAVE_DECL_AF_INET6 1
| #define HAVE_DECL_SO_TIMESTAMP 1
| #define HAVE_DECL_SO_SNDTIMEO 1
| #define HAVE_DECL_SO_REUSEPORT 1
| #define HAVE_DECL_SO_BINDTODEVICE 1
| #define HAVE_DECL_MSG_DONTWAIT 1
| #define HAVE_DECL_SO_MAX_PACING_RATE 1
| #define HAVE_DECL_SO_DONTROUTE 1
| #define HAVE_DECL_IPV6_TCLASS 1
| #define HAVE_DECL_IP_MULTICAST_ALL 1
| #define HAVE_DECL_IP_TOS 1
| #define HAVE_DECL_MCAST_JOIN_GROUP 1
| #define HAVE_DECL_MCAST_JOIN_SOURCE_GROUP 1
| #define HAVE_DECL_IPV6_JOIN_GROUP 1
| #define HAVE_DECL_IPV6_V6ONLY 1
| #define HAVE_DECL_IPV6_ADD_MEMBERSHIP 1
| #define HAVE_DECL_IPV6_MULTICAST_HOPS 1
| #define HAVE_DECL_MSG_PEEK 1
| #define HAVE_DECL_MSG_WAITALL 1
| #define HAVE_DECL_TCP_NODELAY 1
| #define HAVE_DECL_TCP_INFO 1
| #define HAVE_DECL_TCP_CONNECTION_INFO 0
| #define HAVE_DECL_TCP_WINDOW_CLAMP 1
| #define HAVE_DECL_TCP_NOTSENT_LOWAT 1
| #define HAVE_DECL_IP_ADD_MEMBERSHIP 1
| #define HAVE_DECL_IP_ADD_SOURCE_MEMBERSHIP 1
| #define HAVE_STRUCT_SOCKADDR_STORAGE 1
| #define HAVE_STRUCT_SOCKADDR_IN6 1
| #define HAVE_STRUCT_GROUP_SOURCE_REQ 1
| #define HAVE_STRUCT_IP_MREQ 1
| #define HAVE_STRUCT_IPV6_MREQ 1
| #define HAVE_STRUCT_IP_MREQ_SOURCE 1
| #define HAVE_STRUCT_IP_MREQ_SOURCE_IMR_MULTIADDR_S_ADDR 1
| #define HAVE_STRUCT_TCP_INFO_TCPI_TOTAL_RETRANS 1
| #define HAVE__BOOL 1
| #define HAVE_STDBOOL_H 1
| /* end confdefs.h.  */
| #ifndef __APPLE_CC__
| 	       not a universal capable compiler
| 	     #endif
| 	     typedef int dummy;
| 
configure:8540: gcc -c  -O2   conftest.c >&5
configure:8540: $? = 0
configure:8558: gcc -c  -O2   conftest.c >&5
conftest.c: In function 'main':
conftest.c:132:18: error: unknown type name 'not'; did you mean 'ino_t'?
  132 |                  not big endian
      |                  ^~~
      |                  ino_t
conftest.c:132:26: error: expected '=', ',', ';', 'asm' or '__attribute__' before 'endian'
  132 |                  not big endian
      |                          ^~~~~~
configure:8558: $? = 1
configure: failed program was:
| /* confdefs.h */
| #define PACKAGE_NAME "Iperf"
| #define PACKAGE_TARNAME "iperf"
| #define PACKAGE_VERSION "2.1.6"
| #define PACKAGE_STRING "Iperf 2.1.6"
| #define PACKAGE_BUGREPORT ""
| #define PACKAGE_URL ""
| #define PACKAGE "iperf"
| #define VERSION "2.1.6"
| #define HAVE_AF_PACKET 1
| #define HAVE_DECL_IFF_TUN 1
| #define HAVE_TUNTAP_TUN 1
| #define HAVE_DECL_IFF_TAP 1
| #define HAVE_TUNTAP_TAP 1
| #define HAVE_LIBRT 1
| #define HAVE_PTHREAD_PRIO_INHERIT 1
| #define HAVE_PTHREAD 1
| #define HAVE_POSIX_THREAD 1
| #define _REENTRANT 1
| #define STDC_HEADERS 1
| #define HAVE_SYS_TYPES_H 1
| #define HAVE_SYS_STAT_H 1
| #define HAVE_STDLIB_H 1
| #define HAVE_STRING_H 1
| #define HAVE_MEMORY_H 1
| #define HAVE_STRINGS_H 1
| #define HAVE_INTTYPES_H 1
| #define HAVE_STDINT_H 1
| #define HAVE_UNISTD_H 1
| #define HAVE_ARPA_INET_H 1
| #define HAVE_LIBINTL_H 1
| #define HAVE_NET_ETHERNET_H 1
| #define HAVE_NET_IF_H 1
| #define HAVE_LINUX_IP_H 1
| #define HAVE_LINUX_UDP_H 1
| #define HAVE_LINUX_IF_PACKET_H 1
| #define HAVE_LINUX_FILTER_H 1
| #define HAVE_LINUX_IF_TUN_H 1
| #define HAVE_NETDB_H 1
| #define HAVE_NETINET_IN_H 1
| #define HAVE_NETINET_TCP_H 1
| #define HAVE_STDLIB_H 1
| #define HAVE_STRING_H 1
| #define HAVE_STRINGS_H 1
| #define HAVE_SYS_SOCKET_H 1
| #define HAVE_SYS_TIME_H 1
| #define HAVE_SYSLOG_H 1
| #define HAVE_UNISTD_H 1
| #define HAVE_SIGNAL_H 1
| #define HAVE_IFADDRS_H 1
| #define HAVE_SSIZE_T 1
| #define TIME_WITH_SYS_TIME 1
| #define HAVE_INT64_T 1
| #define Socklen_t socklen_t
| #define HAVE_SYS_SELECT_H 1
| #define HAVE_SYS_SOCKET_H 1
| #define SELECT_TYPE_ARG1 int
| #define SELECT_TYPE_ARG234 (fd_set *)
| #define SELECT_TYPE_ARG5 (struct timeval *)
| #define RETSIGTYPE void
| #define HAVE_STRFTIME 1
| #define HAVE_VPRINTF 1
| #define HAVE_ATEXIT 1
| #define HAVE_MEMSET 1
| #define HAVE_SELECT 1
| #define HAVE_STRCHR 1
| #define HAVE_STRERROR 1
| #define HAVE_STRTOL 1
| #define HAVE_STRTOLL 1
| #define HAVE_USLEEP 1
| #define HAVE_CLOCK_GETTIME 1
| #define HAVE_SCHED_SETSCHEDULER 1
| #define HAVE_SCHED_YIELD 1
| #define HAVE_MLOCKALL 1
| #define HAVE_SETITIMER 1
| #define HAVE_NANOSLEEP 1
| #define HAVE_CLOCK_NANOSLEEP 1
| #define HAVE_FREOPEN 1
| #define HAVE_SNPRINTF 1
| #define HAVE_INET_PTON 1
| #define HAVE_INET_NTOP 1
| #define HAVE_GETTIMEOFDAY 1
| #define HAVE_DECL_ENOBUFS 1
| #define HAVE_DECL_EWOULDBLOCK 1
| #define HAVE_DECL_PTHREAD_CANCEL 1
| #define HAVE_DECL_CPU_SET 1
| #define HAVE_DECL_SIGALRM 1
| #define HAVE_DECL_AF_INET6 1
| #define HAVE_DECL_SO_TIMESTAMP 1
| #define HAVE_DECL_SO_SNDTIMEO 1
| #define HAVE_DECL_SO_REUSEPORT 1
| #define HAVE_DECL_SO_BINDTODEVICE 1
| #define HAVE_DECL_MSG_DONTWAIT 1
| #define HAVE_DECL_SO_MAX_PACING_RATE 1
| #define HAVE_DECL_SO_DONTROUTE 1
| #define HAVE_DECL_IPV6_TCLASS 1
| #define HAVE_DECL_IP_MULTICAST_ALL 1
| #define HAVE_DECL_IP_TOS 1
| #define HAVE_DECL_MCAST_JOIN_GROUP 1
| #define HAVE_DECL_MCAST_JOIN_SOURCE_GROUP 1
| #define HAVE_DECL_IPV6_JOIN_GROUP 1
| #define HAVE_DECL_IPV6_V6ONLY 1
| #define HAVE_DECL_IPV6_ADD_MEMBERSHIP 1
| #define HAVE_DECL_IPV6_MULTICAST_HOPS 1
| #define HAVE_DECL_MSG_PEEK 1
| #define HAVE_DECL_MSG_WAITALL 1
| #define HAVE_DECL_TCP_NODELAY 1
| #define HAVE_DECL_TCP_INFO 1
| #define HAVE_DECL_TCP_CONNECTION_INFO 0
| #define HAVE_DECL_TCP_WINDOW_CLAMP 1
| #define HAVE_DECL_TCP_NOTSENT_LOWAT 1
| #define HAVE_DECL_IP_ADD_MEMBERSHIP 1
| #define HAVE_DECL_IP_ADD_SOURCE_MEMBERSHIP 1
| #define HAVE_STRUCT_SOCKADDR_STORAGE 1
| #define HAVE_STRUCT_SOCKADDR_IN6 1
| #define HAVE_STRUCT_GROUP_SOURCE_REQ 1
| #define HAVE_STRUCT_IP_MREQ 1
| #define HAVE_STRUCT_IPV6_MREQ 1
| #define HAVE_STRUCT_IP_MREQ_SOURCE 1
| #define HAVE_STRUCT_IP_MREQ_SOURCE_IMR_MULTIADDR_S_ADDR 1
| #define HAVE_STRUCT_TCP_INFO_TCPI_TOTAL_RETRANS 1
| #define HAVE__BOOL 1
| #define HAVE_STDBOOL_H 1
| /* end confdefs.h.  */
| #include <sys/types.h>
| 		#include <sys/param.h>
| 
| int
| main ()
| {
| #if BYTE_ORDER != BIG_ENDIAN
| 		 not big endian
| 		#endif
| 
|   ;
|   return 0;
| }
configure:8686: result: no
configure:8705: checking for gettid syscall
configure:8720: gcc -o conftest  -O2    conftest.c -lrt  >&5
configure:8720: $? = 0
configure:8732: result: yes
configure:8736: checking for multicast support
configure:8744: result: yes
configure:8751: checking for multicast ssm support
configure:8759: result: yes
configure:8769: checking for tcpstats support
configure:8773: checking for TCP_INFO_TCPI_TOTAL_RETRANS support
configure:8782: result: yes
configure:8792: checking for IPv6 headers and structures
configure:8805: result: yes
configure:8811: checking for IPv6 multicast support
configure:8824: result: yes
configure:9006: checking whether make is GNU make
configure:9013: result: yes
configure:9128: checking that generated files are newer than configure
configure:9134: result: done
configure:9206: creating ./config.status

## ---------------------- ##
## Running config.status. ##
## ---------------------- ##

This file was extended by Iperf config.status 2.1.6, which was
generated by GNU Autoconf 2.69.  Invocation command line was

  CONFIG_FILES    = 
  CONFIG_HEADERS  = 
  CONFIG_LINKS    = 
  CONFIG_COMMANDS = 
  $ ./config.status 

on codespaces-bb4a27

config.status:1019: creating Makefile
config.status:1019: creating compat/Makefile
config.status:1019: creating doc/Makefile
config.status:1019: creating include/Makefile
config.status:1019: creating src/Makefile
config.status:1019: creating man/Makefile
config.status:1019: creating config.h
config.status:1248: executing depfiles commands
config.status:1325: cd compat       && sed -e '/# am--include-marker/d' Makefile         | make -f - am--depfiles
config.status:1330: $? = 0
config.status:1325: cd src       && sed -e '/# am--include-marker/d' Makefile         | make -f - am--depfiles
config.status:1330: $? = 0

## ---------------- ##
## Cache variables. ##
## ---------------- ##

ac_cv_accept_arg=socklen_t
ac_cv_build=x86_64-unknown-linux-gnu
ac_cv_c_bigendian=no
ac_cv_c_compiler_gnu=yes
ac_cv_c_const=yes
ac_cv_cxx_compiler_gnu=yes
ac_cv_env_CCC_set=
ac_cv_env_CCC_value=
ac_cv_env_CC_set=
ac_cv_env_CC_value=
ac_cv_env_CFLAGS_set=
ac_cv_env_CFLAGS_value=
ac_cv_env_CPPFLAGS_set=
ac_cv_env_CPPFLAGS_value=
ac_cv_env_CPP_set=
ac_cv_env_CPP_value=
ac_cv_env_CXXFLAGS_set=
ac_cv_env_CXXFLAGS_value=
ac_cv_env_CXX_set=
ac_cv_env_CXX_value=
ac_cv_env_LDFLAGS_set=
ac_cv_env_LDFLAGS_value=
ac_cv_env_LIBS_set=
ac_cv_env_LIBS_value=
ac_cv_env_build_alias_set=
ac_cv_env_build_alias_value=
ac_cv_env_host_alias_set=
ac_cv_env_host_alias_value=
ac_cv_env_target_alias_set=
ac_cv_env_target_alias_value=
ac_cv_func__doprnt=no
ac_cv_func_atexit=yes
ac_cv_func_clock_gettime=yes
ac_cv_func_clock_nanosleep=yes
ac_cv_func_freopen=yes
ac_cv_func_gettimeofday=yes
ac_cv_func_inet_ntop=yes
ac_cv_func_inet_pton=yes
ac_cv_func_memcmp_working=yes
ac_cv_func_memset=yes
ac_cv_func_mlockall=yes
ac_cv_func_nanosleep=yes
ac_cv_func_sched_setscheduler=yes
ac_cv_func_sched_yield=yes
ac_cv_func_select=yes
ac_cv_func_select_args='int,fd_set *,struct timeval *'
ac_cv_func_setitimer=yes
ac_cv_func_snprintf=yes
ac_cv_func_strchr=yes
ac_cv_func_strerror=yes
ac_cv_func_strftime=yes
ac_cv_func_strtol=yes
ac_cv_func_strtoll=yes
ac_cv_func_usleep=yes
ac_cv_func_vprintf=yes
ac_cv_have_decl_AF_INET6=yes
ac_cv_have_decl_CPU_SET=yes
ac_cv_have_decl_ENOBUFS=yes
ac_cv_have_decl_EWOULDBLOCK=yes
ac_cv_have_decl_IFF_TAP=yes
ac_cv_have_decl_IFF_TUN=yes
ac_cv_have_decl_IPV6_ADD_MEMBERSHIP=yes
ac_cv_have_decl_IPV6_JOIN_GROUP=yes
ac_cv_have_decl_IPV6_MULTICAST_HOPS=yes
ac_cv_have_decl_IPV6_TCLASS=yes
ac_cv_have_decl_IPV6_V6ONLY=yes
ac_cv_have_decl_IP_ADD_MEMBERSHIP=yes
ac_cv_have_decl_IP_ADD_SOURCE_MEMBERSHIP=yes
ac_cv_have_decl_IP_MULTICAST_ALL=yes
ac_cv_have_decl_IP_TOS=yes
ac_cv_have_decl_MCAST_JOIN_GROUP=yes
ac_cv_have_decl_MCAST_JOIN_SOURCE_GROUP=yes
ac_cv_have_decl_MSG_DONTWAIT=yes
ac_cv_have_decl_MSG_PEEK=yes
ac_cv_have_decl_MSG_WAITALL=yes
ac_cv_have_decl_SIGALRM=yes
ac_cv_have_decl_SO_BINDTODEVICE=yes
ac_cv_have_decl_SO_DONTROUTE=yes
ac_cv_have_decl_SO_MAX_PACING_RATE=yes
ac_cv_have_decl_SO_REUSEPORT=yes
ac_cv_have_decl_SO_SNDTIMEO=yes
ac_cv_have_decl_SO_TIMESTAMP=yes
ac_cv_have_decl_TCP_CONNECTION_INFO=no
ac_cv_have_decl_TCP_INFO=yes
ac_cv_have_decl_TCP_NODELAY=yes
ac_cv_have_decl_TCP_NOTSENT_LOWAT=yes
ac_cv_have_decl_TCP_WINDOW_CLAMP=yes
ac_cv_have_decl_TPACKET_V2=yes
ac_cv_have_decl_pthread_cancel=yes
ac_cv_have_ipv6=yes
ac_cv_have_ipv6_multicast=yes
ac_cv_header_arpa_inet_h=yes
ac_cv_header_ifaddrs_h=yes
ac_cv_header_inttypes_h=yes
ac_cv_header_libintl_h=yes
ac_cv_header_linux_filter_h=yes
ac_cv_header_linux_if_packet_h=yes
ac_cv_header_linux_if_tun_h=yes
ac_cv_header_linux_ip_h=yes
ac_cv_header_linux_udp_h=yes
ac_cv_header_memory_h=yes
ac_cv_header_net_ethernet_h=yes
ac_cv_header_net_if_h=yes
ac_cv_header_netdb_h=yes
ac_cv_header_netinet_in_h=yes
ac_cv_header_netinet_tcp_h=yes
ac_cv_header_signal_h=yes
ac_cv_header_stdbool_h=yes
ac_cv_header_stdc=yes
ac_cv_header_stdint_h=yes
ac_cv_header_stdlib_h=yes
ac_cv_header_string_h=yes
ac_cv_header_strings_h=yes
ac_cv_header_sys_select_h=yes
ac_cv_header_sys_socket_h=yes
ac_cv_header_sys_stat_h=yes
ac_cv_header_sys_time_h=yes
ac_cv_header_sys_types_h=yes
ac_cv_header_syslog_h=yes
ac_cv_header_time=yes
ac_cv_header_unistd_h=yes
ac_cv_host=x86_64-unknown-linux-gnu
ac_cv_lib_rt_clock_gettime=yes
ac_cv_member_struct_ip_mreq_source_imr_multiaddr_s_addr=yes
ac_cv_member_struct_sockaddr_in6_sin6_len=no
ac_cv_member_struct_tcp_info_tcpi_total_retrans=yes
ac_cv_multicast=yes
ac_cv_objext=o
ac_cv_path_EGREP='/usr/bin/grep -E'
ac_cv_path_GREP=/usr/bin/grep
ac_cv_path_SED=/usr/bin/sed
ac_cv_path_install='/usr/bin/install -c'
ac_cv_path_mkdir=/usr/bin/mkdir
ac_cv_prog_AWK=gawk
ac_cv_prog_CPP='gcc -E'
ac_cv_prog_ac_ct_CC=gcc
ac_cv_prog_ac_ct_CXX=g++
ac_cv_prog_ac_ct_RANLIB=ranlib
ac_cv_prog_cc_c89=
ac_cv_prog_cc_g=yes
ac_cv_prog_cxx_g=yes
ac_cv_prog_make_make_set=yes
ac_cv_search_gethostbyname='none required'
ac_cv_search_socket='none required'
ac_cv_search_strerror='none required'
ac_cv_ssm_multicast=yes
ac_cv_struct_tm=time.h
ac_cv_tcpstats=yes
ac_cv_type__Bool=yes
ac_cv_type_int64_t=yes
ac_cv_type_signal=void
ac_cv_type_size_t=yes
ac_cv_type_ssize_t=yes
ac_cv_type_struct_group_source_req=yes
ac_cv_type_struct_ip_mreq=yes
ac_cv_type_struct_ip_mreq_source=yes
ac_cv_type_struct_ipv6_mreq=yes
ac_cv_type_struct_sockaddr_in6=yes
ac_cv_type_struct_sockaddr_storage=yes
am_cv_CC_dependencies_compiler_type=gcc3
am_cv_CXX_dependencies_compiler_type=gcc3
am_cv_make_support_nested_variables=yes
am_cv_prog_cc_c_o=yes
ax_cv_PTHREAD_CLANG=no
ax_cv_PTHREAD_JOINABLE_ATTR=PTHREAD_CREATE_JOINABLE
ax_cv_PTHREAD_PRIO_INHERIT=yes
ax_cv_PTHREAD_SPECIAL_FLAGS=no

## ----------------- ##
## Output variables. ##
## ----------------- ##

ACLOCAL='${SHELL} /workspaces/LabSisop-2026-2/buildroot/iperf/iperf-2.1.6/missing aclocal-1.16'
AF_PACKET_FALSE='#'
AF_PACKET_TRUE=''
AMDEPBACKSLASH='\'
AMDEP_FALSE='#'
AMDEP_TRUE=''
AMTAR='$${TAR-tar}'
AM_BACKSLASH='\'
AM_DEFAULT_V='$(AM_DEFAULT_VERBOSITY)'
AM_DEFAULT_VERBOSITY='1'
AM_V='$(V)'
AUTOCONF='${SHELL} /workspaces/LabSisop-2026-2/buildroot/iperf/iperf-2.1.6/missing autoconf'
AUTOHEADER='${SHELL} /workspaces/LabSisop-2026-2/buildroot/iperf/iperf-2.1.6/missing autoheader'
AUTOMAKE='${SHELL} /workspaces/LabSisop-2026-2/buildroot/iperf/iperf-2.1.6/missing automake-1.16'
AWK='gawk'
CC='gcc'
CCDEPMODE='depmode=gcc3'
CFLAGS=' -O2 '
CHECKPROGRAMS_FALSE=''
CHECKPROGRAMS_TRUE='#'
CPP='gcc -E'
CPPFLAGS=''
CXX='g++'
CXXDEPMODE='depmode=gcc3'
CXXFLAGS=' -O2 '
CYGPATH_W='echo'
DEBUG_SYMBOLS_FALSE=''
DEBUG_SYMBOLS_TRUE='#'
DEFS='-DHAVE_CONFIG_H'
DEPDIR='.deps'
ECHO_C=''
ECHO_N='-n'
ECHO_T=''
EGREP='/usr/bin/grep -E'
ENABLE_STATIC_BIN_FALSE=''
ENABLE_STATIC_BIN_TRUE='#'
EXEEXT=''
FASTSAMPLING_FALSE=''
FASTSAMPLING_TRUE='#'
GREP='/usr/bin/grep'
INSTALL_DATA='${INSTALL} -m 644'
INSTALL_PROGRAM='${INSTALL}'
INSTALL_SCRIPT='${INSTALL}'
INSTALL_STRIP_PROGRAM='$(install_sh) -c -s'
LDFLAGS=''
LIBOBJS=''
LIBS='-lrt '
LTLIBOBJS=''
MAINT='#'
MAINTAINER_MODE_FALSE=''
MAINTAINER_MODE_TRUE='#'
MAKEINFO='${SHELL} /workspaces/LabSisop-2026-2/buildroot/iperf/iperf-2.1.6/missing makeinfo'
MKDIR_P='/usr/bin/mkdir -p'
OBJEXT='o'
PACKAGE='iperf'
PACKAGE_BUGREPORT=''
PACKAGE_NAME='Iperf'
PACKAGE_STRING='Iperf 2.1.6'
PACKAGE_TARNAME='iperf'
PACKAGE_URL=''
PACKAGE_VERSION='2.1.6'
PACKET_DEBUG_FALSE=''
PACKET_DEBUG_TRUE='#'
PATH_SEPARATOR=':'
PTHREAD_CC='gcc'
PTHREAD_CFLAGS='-pthread'
PTHREAD_LIBS=''
RANLIB='ranlib'
SED='/usr/bin/sed'
SET_MAKE=''
SHELL='/bin/bash'
STRIP=''
STRIP_BEGIN='$(strip $(STRIP_DUMMY)'
STRIP_DUMMY=''
STRIP_END=')'
THREAD_DEBUG_FALSE=''
THREAD_DEBUG_TRUE='#'
TUNTAP_TAP_FALSE='#'
TUNTAP_TAP_TRUE=''
TUNTAP_TUN_FALSE='#'
TUNTAP_TUN_TRUE=''
VERSION='2.1.6'
WEB100_CFLAGS=''
WEB100_CONFIG=''
WEB100_LIBS=''
ac_ct_CC='gcc'
ac_ct_CXX='g++'
am__EXEEXT_FALSE=''
am__EXEEXT_TRUE='#'
am__fastdepCC_FALSE='#'
am__fastdepCC_TRUE=''
am__fastdepCXX_FALSE='#'
am__fastdepCXX_TRUE=''
am__include='include'
am__isrc=''
am__leading_dot='.'
am__nodep='_no'
am__quote=''
am__tar='$${TAR-tar} chof - "$$tardir"'
am__untar='$${TAR-tar} xf -'
ax_pthread_config=''
bindir='${exec_prefix}/bin'
build='x86_64-unknown-linux-gnu'
build_alias=''
build_cpu='x86_64'
build_os='linux-gnu'
build_vendor='unknown'
datadir='${datarootdir}'
datarootdir='${prefix}/share'
docdir='${datarootdir}/doc/${PACKAGE_TARNAME}'
dvidir='${docdir}'
exec_prefix='${prefix}'
host='x86_64-unknown-linux-gnu'
host_alias=''
host_cpu='x86_64'
host_os='linux-gnu'
host_vendor='unknown'
htmldir='${docdir}'
includedir='${prefix}/include'
infodir='${datarootdir}/info'
install_sh='${SHELL} /workspaces/LabSisop-2026-2/buildroot/iperf/iperf-2.1.6/install-sh'
libdir='${exec_prefix}/lib'
libexecdir='${exec_prefix}/libexec'
localedir='${datarootdir}/locale'
localstatedir='${prefix}/var'
mandir='${datarootdir}/man'
mkdir_p='$(MKDIR_P)'
oldincludedir='/usr/include'
pdfdir='${docdir}'
prefix='/usr/local'
program_transform_name='s,x,x,'
psdir='${docdir}'
sbindir='${exec_prefix}/sbin'
sharedstatedir='${prefix}/com'
sysconfdir='${prefix}/etc'
target_alias=''

## ----------- ##
## confdefs.h. ##
## ----------- ##

/* confdefs.h */
#define PACKAGE_NAME "Iperf"
#define PACKAGE_TARNAME "iperf"
#define PACKAGE_VERSION "2.1.6"
#define PACKAGE_STRING "Iperf 2.1.6"
#define PACKAGE_BUGREPORT ""
#define PACKAGE_URL ""
#define PACKAGE "iperf"
#define VERSION "2.1.6"
#define HAVE_AF_PACKET 1
#define HAVE_DECL_IFF_TUN 1
#define HAVE_TUNTAP_TUN 1
#define HAVE_DECL_IFF_TAP 1
#define HAVE_TUNTAP_TAP 1
#define HAVE_LIBRT 1
#define HAVE_PTHREAD_PRIO_INHERIT 1
#define HAVE_PTHREAD 1
#define HAVE_POSIX_THREAD 1
#define _REENTRANT 1
#define STDC_HEADERS 1
#define HAVE_SYS_TYPES_H 1
#define HAVE_SYS_STAT_H 1
#define HAVE_STDLIB_H 1
#define HAVE_STRING_H 1
#define HAVE_MEMORY_H 1
#define HAVE_STRINGS_H 1
#define HAVE_INTTYPES_H 1
#define HAVE_STDINT_H 1
#define HAVE_UNISTD_H 1
#define HAVE_ARPA_INET_H 1
#define HAVE_LIBINTL_H 1
#define HAVE_NET_ETHERNET_H 1
#define HAVE_NET_IF_H 1
#define HAVE_LINUX_IP_H 1
#define HAVE_LINUX_UDP_H 1
#define HAVE_LINUX_IF_PACKET_H 1
#define HAVE_LINUX_FILTER_H 1
#define HAVE_LINUX_IF_TUN_H 1
#define HAVE_NETDB_H 1
#define HAVE_NETINET_IN_H 1
#define HAVE_NETINET_TCP_H 1
#define HAVE_STDLIB_H 1
#define HAVE_STRING_H 1
#define HAVE_STRINGS_H 1
#define HAVE_SYS_SOCKET_H 1
#define HAVE_SYS_TIME_H 1
#define HAVE_SYSLOG_H 1
#define HAVE_UNISTD_H 1
#define HAVE_SIGNAL_H 1
#define HAVE_IFADDRS_H 1
#define HAVE_SSIZE_T 1
#define TIME_WITH_SYS_TIME 1
#define HAVE_INT64_T 1
#define Socklen_t socklen_t
#define HAVE_SYS_SELECT_H 1
#define HAVE_SYS_SOCKET_H 1
#define SELECT_TYPE_ARG1 int
#define SELECT_TYPE_ARG234 (fd_set *)
#define SELECT_TYPE_ARG5 (struct timeval *)
#define RETSIGTYPE void
#define HAVE_STRFTIME 1
#define HAVE_VPRINTF 1
#define HAVE_ATEXIT 1
#define HAVE_MEMSET 1
#define HAVE_SELECT 1
#define HAVE_STRCHR 1
#define HAVE_STRERROR 1
#define HAVE_STRTOL 1
#define HAVE_STRTOLL 1
#define HAVE_USLEEP 1
#define HAVE_CLOCK_GETTIME 1
#define HAVE_SCHED_SETSCHEDULER 1
#define HAVE_SCHED_YIELD 1
#define HAVE_MLOCKALL 1
#define HAVE_SETITIMER 1
#define HAVE_NANOSLEEP 1
#define HAVE_CLOCK_NANOSLEEP 1
#define HAVE_FREOPEN 1
#define HAVE_SNPRINTF 1
#define HAVE_INET_PTON 1
#define HAVE_INET_NTOP 1
#define HAVE_GETTIMEOFDAY 1
#define HAVE_DECL_ENOBUFS 1
#define HAVE_DECL_EWOULDBLOCK 1
#define HAVE_DECL_PTHREAD_CANCEL 1
#define HAVE_DECL_CPU_SET 1
#define HAVE_DECL_SIGALRM 1
#define HAVE_DECL_AF_INET6 1
#define HAVE_DECL_SO_TIMESTAMP 1
#define HAVE_DECL_SO_SNDTIMEO 1
#define HAVE_DECL_SO_REUSEPORT 1
#define HAVE_DECL_SO_BINDTODEVICE 1
#define HAVE_DECL_MSG_DONTWAIT 1
#define HAVE_DECL_SO_MAX_PACING_RATE 1
#define HAVE_DECL_SO_DONTROUTE 1
#define HAVE_DECL_IPV6_TCLASS 1
#define HAVE_DECL_IP_MULTICAST_ALL 1
#define HAVE_DECL_IP_TOS 1
#define HAVE_DECL_MCAST_JOIN_GROUP 1
#define HAVE_DECL_MCAST_JOIN_SOURCE_GROUP 1
#define HAVE_DECL_IPV6_JOIN_GROUP 1
#define HAVE_DECL_IPV6_V6ONLY 1
#define HAVE_DECL_IPV6_ADD_MEMBERSHIP 1
#define HAVE_DECL_IPV6_MULTICAST_HOPS 1
#define HAVE_DECL_MSG_PEEK 1
#define HAVE_DECL_MSG_WAITALL 1
#define HAVE_DECL_TCP_NODELAY 1
#define HAVE_DECL_TCP_INFO 1
#define HAVE_DECL_TCP_CONNECTION_INFO 0
#define HAVE_DECL_TCP_WINDOW_CLAMP 1
#define HAVE_DECL_TCP_NOTSENT_LOWAT 1
#define HAVE_DECL_IP_ADD_MEMBERSHIP 1
#define HAVE_DECL_IP_ADD_SOURCE_MEMBERSHIP 1
#define HAVE_STRUCT_SOCKADDR_STORAGE 1
#define HAVE_STRUCT_SOCKADDR_IN6 1
#define HAVE_STRUCT_GROUP_SOURCE_REQ 1
#define HAVE_STRUCT_IP_MREQ 1
#define HAVE_STRUCT_IPV6_MREQ 1
#define HAVE_STRUCT_IP_MREQ_SOURCE 1
#define HAVE_STRUCT_IP_MREQ_SOURCE_IMR_MULTIADDR_S_ADDR 1
#define HAVE_STRUCT_TCP_INFO_TCPI_TOTAL_RETRANS 1
#define HAVE__BOOL 1
#define HAVE_STDBOOL_H 1
#define HAVE_GETTID_SYSCALL 1
#define HAVE_MULTICAST 1
#define HAVE_SSM_MULTICAST 1
#define HAVE_TCP_STATS 1
#define HAVE_IPV6 1
#define HAVE_IPV6_MULTICAST 1
#define NDEBUG 1
#define HAVE_KALMAN 1
#define HAVE_ROLE_REVERSAL_ID 1
#define HAVE_SEQNO64b 1
#define HAVE_ISOCHRONOUS 1

configure: exit 0
